team,side,slot,name,position,value,source,origin
Texas Tech,offense,QB,Brendan Sorsby,QB,199.22,transfer,Cincinnati
Texas Tech,offense,RB,J'Koby Williams,RB,51.87,returning,
Texas Tech,offense,WR1,Kenny Johnson,WR,41.75,transfer,Pittsburgh
Texas Tech,offense,WR2,Coy Eakin,WR,39.22,returning,
Texas Tech,offense,WR3,Donte Lee Jr.,WR,32.25,transfer,Liberty
Texas Tech,offense,TE,Jett Carpenter,TE,14.15,transfer,Nevada
Texas Tech,offense,OL1,,,,,
Texas Tech,offense,OL2,,,,,
Texas Tech,offense,OL3,,,,,
Texas Tech,offense,OL4,,,,,
Texas Tech,offense,OL5,,,,,
Texas Tech,defense,DL1,Julien Laventure,DL,27.25,transfer,Akron
Texas Tech,defense,DL2,Jojo Johnson,DL,21.05,transfer,Oregon State
Texas Tech,defense,DL3,Bryce Butler,DL,11.75,transfer,Washington
Texas Tech,defense,DL4,Jayden Cofield,DL,11.5,returning,
Texas Tech,defense,LB1,Adam Trick,LB,45.7,transfer,Miami (OH)
Texas Tech,defense,LB2,Trey White,LB,34.7,transfer,San Diego State
Texas Tech,defense,LB3,Ben Roberts,LB,34.55,returning,
Texas Tech,defense,DB1,Brice Pollock,CB,32.45,returning,
Texas Tech,defense,DB2,Brenden Jordan,S,13.15,returning,
Texas Tech,defense,DB3,Davin Martin,CB,9.6,transfer,UTSA
Texas Tech,defense,DB4,Peyton Morgan,S,5.6,returning,
Oklahoma State,offense,QB,Drew Mestemaker,QB,233.13,transfer,North Texas
Oklahoma State,offense,RB,Caleb Hawkins,RB,115.13,transfer,North Texas
Oklahoma State,offense,WR1,Wyatt Young,WR,88.47,transfer,North Texas
Oklahoma State,offense,WR2,Miles Coleman,WR,39.03,transfer,North Texas
Oklahoma State,offense,WR3,Justin Bowick,WR,25.95,transfer,Illinois
Oklahoma State,offense,TE,Donovan Green,TE,4.43,transfer,LSU
Oklahoma State,offense,OL1,,,,,
Oklahoma State,offense,OL2,,,,,
Oklahoma State,offense,OL3,,,,,
Oklahoma State,offense,OL4,,,,,
Oklahoma State,offense,OL5,,,,,
Oklahoma State,defense,DL1,Keviyan Huddleston,DE,22.85,transfer,North Texas
Oklahoma State,defense,DL2,Saadiq Clements,DT,13.25,transfer,North Texas
Oklahoma State,defense,DL3,DJ Jackson Jr.,DE,13.2,transfer,Troy
Oklahoma State,defense,DL4,James Williams,DE,10.4,transfer,Florida State
Oklahoma State,defense,LB1,Ethan Wesloski,LB,35.3,transfer,North Texas
Oklahoma State,defense,LB2,Isaiah Chisom,LB,13.9,transfer,UCLA
Oklahoma State,defense,LB3,Trip White,LB,7.9,returning,
Oklahoma State,defense,DB1,Quinton Hammonds,S,24.65,transfer,North Texas
Oklahoma State,defense,DB2,LaDainian Fields,CB,17.85,returning,
Oklahoma State,defense,DB3,Evan Jackson,S,16.15,transfer,North Texas
Oklahoma State,defense,DB4,Christian Bodnar,S,12.4,transfer,Liberty
Oregon,offense,QB,Dante Moore,QB,194.65,returning,
Oregon,offense,RB,Jordon Davison,RB,49.59,returning,
Oregon,offense,WR1,Iverson Hooks,WR,58.51,transfer,UAB
Oregon,offense,WR2,Jeremiah McClellan,WR,31.43,returning,
Oregon,offense,WR3,Dakorien Moore,WR,27.66,returning,
Oregon,offense,TE,Jamari Johnson,TE,45.01,returning,
Oregon,offense,OL1,,,,,
Oregon,offense,OL2,,,,,
Oregon,offense,OL3,,,,,
Oregon,offense,OL4,,,,,
Oregon,offense,OL5,,,,,
Oregon,defense,DL1,A'Mauri Washington,DL,22.8,returning,
Oregon,defense,DL2,Bear Alexander,DL,19.5,returning,
Oregon,defense,DL3,Jerome Simmons,DL,2.25,transfer,UL Monroe
Oregon,defense,DL4,Aydin Breland,DL,1.75,returning,
Oregon,defense,LB1,Teitum Tuioti,LB,50.05,returning,
Oregon,defense,LB2,Jerry Mixon,LB,34.95,returning,
Oregon,defense,LB3,Matayo Uiagalelei,LB,30.9,returning,
Oregon,defense,DB1,Brandon Finney Jr.,DB,33.45,returning,
Oregon,defense,DB2,Koi Perich,DB,25.2,transfer,Minnesota
Oregon,defense,DB3,Aaron Flowers,DB,15.65,returning,
Oregon,defense,DB4,Ify Obidegwu,DB,13.75,returning,
LSU,offense,QB,Sam Leavitt,QB,97.22,transfer,Arizona State
LSU,offense,RB,Caden Durham,RB,10.69,returning,
LSU,offense,WR1,Tre' Brown III,WR,55.18,transfer,Old Dominion
LSU,offense,WR2,Jackson Harris,WR,51.28,transfer,Hawai'i
LSU,offense,WR3,Jayce Brown,WR,47.37,transfer,Kansas State
LSU,offense,TE,Dae'Quan Wright,TE,39.27,transfer,Ole Miss
LSU,offense,OL1,,,,,
LSU,offense,OL2,,,,,
LSU,offense,OL3,,,,,
LSU,offense,OL4,,,,,
LSU,offense,OL5,,,,,
LSU,defense,DL1,Princewill Umanmielen,DE,43.75,transfer,Ole Miss
LSU,defense,DL2,Zxavian Harris,DT,32.55,transfer,Ole Miss
LSU,defense,DL3,Jordan Ross,DE,13.9,transfer,Tennessee
LSU,defense,DL4,Junior Tuihalamaka,DL,11.7,transfer,Notre Dame
LSU,defense,LB1,TJ Dottery,LB,22.55,transfer,Ole Miss
LSU,defense,LB2,Davhon Keys,LB,20.15,returning,
LSU,defense,LB3,Whit Weeks,LB,11.7,returning,
LSU,defense,DB1,Ty Benefield,S,33.5,transfer,Boise State
LSU,defense,DB2,P.J. Woodland,CB,24.05,returning,
LSU,defense,DB3,Dashawn Spears,S,23.3,returning,
LSU,defense,DB4,DJ Pickett,CB,22.75,returning,
Ole Miss,offense,QB,Trinidad Chambliss,QB,236.9,returning,
Ole Miss,offense,RB,Kewan Lacy,RB,58.37,returning,
Ole Miss,offense,WR1,Johntay Cook II,WR,34.62,transfer,Syracuse
Ole Miss,offense,WR2,Deuce Alexander,WR,30.66,returning,
Ole Miss,offense,WR3,Darrell Gill Jr.,WR,21.74,transfer,Syracuse
Ole Miss,offense,TE,Caleb Odom,TE,11.8,returning,
Ole Miss,offense,OL1,,,,,
Ole Miss,offense,OL2,,,,,
Ole Miss,offense,OL3,,,,,
Ole Miss,offense,OL4,,,,,
Ole Miss,offense,OL5,,,,,
Ole Miss,defense,DL1,Jonathan Maldonado,DE,36.8,transfer,Nevada
Ole Miss,defense,DL2,Blake Purchase,DE,18.7,transfer,Oregon
Ole Miss,defense,DL3,Michai Boireau,DT,10.0,transfer,Florida
Ole Miss,defense,DL4,Jamarious Brown,DT,7.15,returning,
Ole Miss,defense,LB1,Suntarine Perkins,LB,46.6,returning,
Ole Miss,defense,LB2,Keaton Thomas,LB,28.65,transfer,Baylor
Ole Miss,defense,LB3,Luke Ferrelli,LB,22.35,transfer,California
Ole Miss,defense,DB1,Edwin Joseph,S,24.2,transfer,Florida State
Ole Miss,defense,DB2,Joenel Aguero,S,11.1,transfer,Georgia
Ole Miss,defense,DB3,Jay Crawford,CB,11.0,transfer,Auburn
Ole Miss,defense,DB4,Sharif Denson,S,9.95,transfer,Florida
Indiana,offense,QB,Josh Hoover,QB,164.63,transfer,TCU
Indiana,offense,RB,Khobie Martin,RB,25.62,returning,
Indiana,offense,WR1,Charlie Becker,WR,58.96,returning,
Indiana,offense,WR2,Shazz Preston,WR,55.05,transfer,Tulane
Indiana,offense,WR3,Nick Marsh,WR,31.22,transfer,Michigan State
Indiana,offense,TE,Brock Schott,TE,1.07,transfer,Miami
Indiana,offense,OL1,,,,,
Indiana,offense,OL2,,,,,
Indiana,offense,OL3,,,,,
Indiana,offense,OL4,,,,,
Indiana,offense,OL5,,,,,
Indiana,defense,DL1,Stephen Daley,DL,40.0,returning,
Indiana,defense,DL2,Tyrique Tucker,DL,31.05,returning,
Indiana,defense,DL3,Mario Landino,DL,23.95,returning,
Indiana,defense,DL4,Chiddi Obiazor,DL,16.3,transfer,Kansas State
Indiana,defense,LB1,Rolijah Hardy,LB,49.05,returning,
Indiana,defense,LB2,Isaiah Jones,LB,46.55,returning,
Indiana,defense,LB3,Kaiden Turner,LB,4.75,returning,
Indiana,defense,DB1,Amare Ferrell,DB,27.3,returning,
Indiana,defense,DB2,Jamari Sharpe,DB,21.65,returning,
Indiana,defense,DB3,Jiquan Sanks,DB,11.75,transfer,Cincinnati
Indiana,defense,DB4,Preston Zachman,DB,6.7,transfer,Wisconsin
Auburn,offense,QB,Byrum Brown,QB,236.58,transfer,South Florida
Auburn,offense,RB,Jeremiah Cobb,RB,25.24,returning,
Auburn,offense,WR1,Keshaun Singleton,WR,62.66,transfer,South Florida
Auburn,offense,WR2,Tray Taylor,WR,43.23,transfer,Troy
Auburn,offense,WR3,Jeremiah Koger,WR,39.48,transfer,South Florida
Auburn,offense,TE,Jake Johnson,TE,11.68,transfer,North Carolina
Auburn,offense,OL1,,,,,
Auburn,offense,OL2,,,,,
Auburn,offense,OL3,,,,,
Auburn,offense,OL4,,,,,
Auburn,offense,OL5,,,,,
Auburn,defense,DL1,Cody Sigler,DL,32.4,transfer,Arkansas State
Auburn,defense,DL2,Da'Shawn Womack,EDGE,14.95,transfer,Ole Miss
Auburn,defense,DL3,Chris Murray,DL,10.75,returning,
Auburn,defense,DL4,Jared Smith,EDGE,9.0,returning,
Auburn,defense,LB1,Xavier Atkins,LB,50.65,returning,
Auburn,defense,LB2,Elijah Melendez,LB,20.5,returning,
Auburn,defense,LB3,Bryce Deas,LB,6.7,returning,
Auburn,defense,DB1,Fred Gaskin,S,22.8,transfer,South Florida
Auburn,defense,DB2,Rayshawn Pleasant,CB,18.6,returning,
Auburn,defense,DB3,Kaleb Harris,S,13.25,returning,
Auburn,defense,DB4,Eric Winters,S,8.55,returning,
Texas,offense,QB,Arch Manning,QB,167.37,returning,
Texas,offense,RB,Raleek Brown,RB,23.54,transfer,Arizona State
Texas,offense,WR1,Ryan Wingo,WR,40.53,returning,
Texas,offense,WR2,Cam Coleman,WR,32.6,transfer,Auburn
Texas,offense,WR3,Sterling Berkhalter,WR,25.52,transfer,Wake Forest
Texas,offense,TE,Michael Masunas,TE,13.45,transfer,Michigan State
Texas,offense,OL1,,,,,
Texas,offense,OL2,,,,,
Texas,offense,OL3,,,,,
Texas,offense,OL4,,,,,
Texas,offense,OL5,,,,,
Texas,defense,DL1,Colin Simmons,EDGE,49.55,returning,
Texas,defense,DL2,Hero Kanu,DL,14.35,returning,
Texas,defense,DL3,Maraad Watson,DL,9.9,returning,
Texas,defense,DL4,Ian Geffrard,DL,9.75,transfer,Arkansas
Texas,defense,LB1,Rasheem Biles,LB,68.0,transfer,Pittsburgh
Texas,defense,LB2,Brad Spence,LB,15.1,returning,
Texas,defense,LB3,Justin Cryer,LB,14.3,transfer,Florida State
Texas,defense,DB1,Jelani McDonald,DB,27.25,returning,
Texas,defense,DB2,Graceson Littleton,DB,22.6,returning,
Texas,defense,DB3,Bo Mascoe,DB,15.8,transfer,Rutgers
Texas,defense,DB4,Kade Phillips,DB,12.7,returning,
Utah,offense,QB,Devon Dampier,QB,199.95,returning,
Utah,offense,RB,Wayshawn Parker,RB,45.28,returning,
Utah,offense,WR1,Braden Pegan,WR,57.99,transfer,Utah State
Utah,offense,WR2,Kyri Shoels,WR,45.21,transfer,San José State
Utah,offense,WR3,Larry Simmons,WR,24.39,returning,
Utah,offense,TE,Hunter Andrews,TE,10.21,returning,
Utah,offense,OL1,,,,,
Utah,offense,OL2,,,,,
Utah,offense,OL3,,,,,
Utah,offense,OL4,,,,,
Utah,offense,OL5,,,,,
Utah,defense,DL1,Ethan Day,DE,24.4,transfer,North Texas
Utah,defense,DL2,Kash Dillon,DE,13.95,returning,
Utah,defense,DL3,Lance Holtzclaw,DE,13.85,returning,
Utah,defense,DL4,Jireh Moe,DT,7.3,transfer,San José State
Utah,defense,LB1,Johnathan Hall,LB,26.3,returning,
Utah,defense,LB2,Trey Reynolds,LB,19.3,returning,
Utah,defense,LB3,Elijah Elliss,LB,8.3,returning,
Utah,defense,DB1,Jackson Bennee,S,37.95,returning,
Utah,defense,DB2,Elijah Davis,CB,25.55,returning,
Utah,defense,DB3,Elijah Reed,CB,19.4,transfer,Akron
Utah,defense,DB4,James Chenault,CB,15.7,transfer,South Florida
Miami,offense,QB,Darian Mensah,QB,204.69,transfer,Duke
Miami,offense,RB,Mark Fletcher Jr.,RB,48.54,returning,
Miami,offense,WR1,Malachi Toney,WR,69.1,returning,
Miami,offense,WR2,Cooper Barkate,WR,67.1,transfer,Duke
Miami,offense,WR3,Joshua Moore,WR,17.48,returning,
Miami,offense,TE,Elija Lofton,TE,14.74,returning,
Miami,offense,OL1,,,,,
Miami,offense,OL2,,,,,
Miami,offense,OL3,,,,,
Miami,offense,OL4,,,,,
Miami,offense,OL5,,,,,
Miami,defense,DL1,Marquise Lightfoot,DL,17.5,returning,
Miami,defense,DL2,Justin Scott,DL,14.6,returning,
Miami,defense,DL3,Armondo Blount,DL,12.2,returning,
Miami,defense,DL4,Keona Davis,DL,11.7,transfer,Nebraska
Miami,defense,LB1,Mohamed Toure,LB,22.9,returning,
Miami,defense,LB2,Chase Smith,LB,6.6,returning,
Miami,defense,LB3,Cam Pruitt,LB,2.25,returning,
Miami,defense,DB1,Omar Thornton,DB,26.95,transfer,Boston College
Miami,defense,DB2,Bryce Fitzgerald,DB,25.6,returning,
Miami,defense,DB3,Xavier Lucas,DB,22.0,returning,
Miami,defense,DB4,Zechariah Poyser,DB,19.05,returning,
Texas A&M,offense,QB,Marcel Reed,QB,168.64,returning,
Texas A&M,offense,RB,Tiger Riden Jr.,RB,1.49,returning,
Texas A&M,offense,WR1,Mario Craver,WR,63.25,returning,
Texas A&M,offense,WR2,Isaiah Horton,WR,55.37,transfer,Alabama
Texas A&M,offense,WR3,Ashton Bethel-Roman,WR,20.03,returning,
Texas A&M,offense,TE,Richie Anderson,TE,19.53,transfer,Fresno State
Texas A&M,offense,OL1,,,,,
Texas A&M,offense,OL2,,,,,
Texas A&M,offense,OL3,,,,,
Texas A&M,offense,OL4,,,,,
Texas A&M,offense,OL5,,,,,
Texas A&M,defense,DL1,Ryan Henderson,DE,25.85,transfer,San Diego State
Texas A&M,defense,DL2,T.J. Searcy,DE,17.85,returning,
Texas A&M,defense,DL3,DJ Hicks,DT,15.85,returning,
Texas A&M,defense,DL4,Angelo McCullom,DT,11.4,transfer,Illinois
Texas A&M,defense,LB1,Daymion Sanford,LB,31.7,returning,
Texas A&M,defense,LB2,Ray Coney,LB,29.8,transfer,Tulsa
Texas A&M,defense,LB3,Jordan Lockhart,LB,7.45,returning,
Texas A&M,defense,DB1,Tawfiq Byard,S,28.05,transfer,Colorado
Texas A&M,defense,DB2,Dalton Brooks,S,23.1,returning,
Texas A&M,defense,DB3,Marcus Ratcliffe,S,15.85,returning,
Texas A&M,defense,DB4,Dezz Ricks,CB,10.35,returning,
Nebraska,offense,QB,Anthony Colandrea,QB,218.12,transfer,UNLV
Nebraska,offense,RB,Kwinten Ives,RB,15.81,returning,
Nebraska,offense,WR1,Nyziah Hunter,WR,32.1,returning,
Nebraska,offense,WR2,Jacory Barney Jr.,WR,31.37,returning,
Nebraska,offense,WR3,Kwazi Gilmer,WR,22.11,transfer,UCLA
Nebraska,offense,TE,Luke Lindenmeyer,TE,20.82,returning,
Nebraska,offense,OL1,,,,,
Nebraska,offense,OL2,,,,,
Nebraska,offense,OL3,,,,,
Nebraska,offense,OL4,,,,,
Nebraska,offense,OL5,,,,,
Nebraska,defense,DL1,Williams Nwaneri,EDGE,19.45,returning,
Nebraska,defense,DL2,Kade Pietrzak,EDGE,15.35,returning,
Nebraska,defense,DL3,Cameron Lenhardt,EDGE,10.8,returning,
Nebraska,defense,DL4,Anthony Jones,EDGE,10.5,transfer,UCLA
Nebraska,defense,LB1,Owen Chambliss,LB,37.0,transfer,San Diego State
Nebraska,defense,LB2,Vincent Shavers Jr.,LB,18.85,returning,
Nebraska,defense,LB3,Dexter Foster,LB,12.95,transfer,Oregon State
Nebraska,defense,DB1,Dwayne McDougle,S,25.7,transfer,San Diego State
Nebraska,defense,DB2,Donovan Jones,CB,17.4,returning,
Nebraska,defense,DB3,Andrew Marshall,CB,17.25,returning,
Nebraska,defense,DB4,Victor Evans III,CB,13.6,transfer,Florida International
Virginia,offense,QB,Beau Pribula,QB,84.63,transfer,Missouri
Virginia,offense,RB,Solomon Beebe,RB,26.92,transfer,UAB
Virginia,offense,WR1,Da'Shawn Martin,WR,30.24,transfer,Kent State
Virginia,offense,WR2,Tyson Davis,WR,24.44,transfer,Central Michigan
Virginia,offense,WR3,Jacquon Gibson,WR,23.47,transfer,Massachusetts
Virginia,offense,TE,Dakota Twitty,TE,5.62,returning,
Virginia,offense,OL1,,,,,
Virginia,offense,OL2,,,,,
Virginia,offense,OL3,,,,,
Virginia,offense,OL4,,,,,
Virginia,offense,OL5,,,,,
Virginia,defense,DL1,Zion Wilson,DL,28.45,transfer,East Carolina
Virginia,defense,DL2,Fisher Camac,DE,22.15,returning,
Virginia,defense,DL3,Nnanna Anyanwu,DE,20.85,transfer,UTSA
Virginia,defense,DL4,Jason Hammond,DT,12.3,returning,
Virginia,defense,LB1,Maddox Marcellus,LB,14.9,returning,
Virginia,defense,LB2,Landon Danley,LB,6.8,returning,
Virginia,defense,LB3,Caleb Hardy,LB,4.45,returning,
Virginia,defense,DB1,Jalen McNair,S,19.5,transfer,Buffalo
Virginia,defense,DB2,Donavon Platt,DB,19.15,returning,
Virginia,defense,DB3,Ethan Minter,S,17.95,returning,
Virginia,defense,DB4,Jaylen Jones,S,17.6,transfer,Georgia State
Oklahoma,offense,QB,John Mateer,QB,118.17,returning,
Oklahoma,offense,RB,Lloyd Avant,RB,15.03,transfer,Colorado State
Oklahoma,offense,WR1,Trell Harris,WR,55.01,transfer,Virginia
Oklahoma,offense,WR2,Parker Livingstone,WR,16.16,transfer,Texas
Oklahoma,offense,WR3,Mackenzie Alleyne,WR,6.74,transfer,Washington State
Oklahoma,offense,TE,Rocky Beers,TE,37.18,transfer,Colorado State
Oklahoma,offense,OL1,,,,,
Oklahoma,offense,OL2,,,,,
Oklahoma,offense,OL3,,,,,
Oklahoma,offense,OL4,,,,,
Oklahoma,offense,OL5,,,,,
Oklahoma,defense,DL1,Taylor Wein,DL,40.65,returning,
Oklahoma,defense,DL2,David Stone,DL,22.05,returning,
Oklahoma,defense,DL3,Kenny Ozowalu,DL,16.35,transfer,UTSA
Oklahoma,defense,DL4,Bishop Thomas,DL,15.3,transfer,Georgia State
Oklahoma,defense,LB1,Owen Heinecke,LB,34.4,returning,
Oklahoma,defense,LB2,Kip Lewis,LB,34.35,returning,
Oklahoma,defense,LB3,Cole Sullivan,LB,24.15,transfer,Michigan
Oklahoma,defense,DB1,Peyton Bowen,DB,21.35,returning,
Oklahoma,defense,DB2,Eli Bowen,DB,18.15,returning,
Oklahoma,defense,DB3,Courtland Guillory,DB,14.85,returning,
Oklahoma,defense,DB4,Reggie Powers III,DB,9.6,returning,
Colorado,offense,QB,Julian Lewis,QB,1.89,returning,
Colorado,offense,RB,Damian Henderson II,RB,26.47,transfer,Sacramento State
Colorado,offense,WR1,Danny Scudero,WR,48.37,transfer,San José State
Colorado,offense,WR2,Ernest Campbell,WR,43.65,transfer,Sacramento State
Colorado,offense,WR3,DeAndre Moore Jr.,WR,36.45,transfer,Texas
Colorado,offense,TE,Zach Atkins,TE,4.04,returning,
Colorado,offense,OL1,,,,,
Colorado,offense,OL2,,,,,
Colorado,offense,OL3,,,,,
Colorado,offense,OL4,,,,,
Colorado,offense,OL5,,,,,
Colorado,defense,DL1,Ezra Christensen,DL,33.1,transfer,New Mexico State
Colorado,defense,DL2,Dylan Manuel,DL,22.7,transfer,App State
Colorado,defense,DL3,Vili Taufatofua,DL,22.65,transfer,San José State
Colorado,defense,DL4,Santana Hopper,DL,21.75,transfer,Tulane
Colorado,defense,LB1,Gideon Lampron,LB,43.9,transfer,Bowling Green
Colorado,defense,LB2,Liona Lefau,LB,16.55,transfer,Texas
Colorado,defense,LB3,Tyler Martinez,LB,11.45,transfer,New Mexico State
Colorado,defense,DB1,Naeten Mitchell,DB,35.2,transfer,New Mexico State
Colorado,defense,DB2,Justin Eaglin,DB,34.5,transfer,James Madison
Colorado,defense,DB3,Randon Fontenette,DB,24.85,transfer,Vanderbilt
Colorado,defense,DB4,Boo Carter,DB,15.1,transfer,Tennessee
UCLA,offense,QB,Nico Iamaleava,QB,91.67,returning,
UCLA,offense,RB,Wayne Knight,RB,67.36,transfer,James Madison
UCLA,offense,WR1,Landon Ellis,WR,50.67,transfer,James Madison
UCLA,offense,WR2,Leland Smith,WR,29.63,transfer,San José State
UCLA,offense,WR3,Aidan Mizell,WR,15.76,transfer,Florida
UCLA,offense,TE,Josh Phifer,TE,2.33,transfer,James Madison
UCLA,offense,OL1,,,,,
UCLA,offense,OL2,,,,,
UCLA,offense,OL3,,,,,
UCLA,offense,OL4,,,,,
UCLA,offense,OL5,,,,,
UCLA,defense,DL1,Sahir West,DL,40.6,transfer,James Madison
UCLA,defense,DL2,Aiden Gobaira,DL,20.55,transfer,James Madison
UCLA,defense,DL3,A.J. Fuimaono,DL,5.15,returning,
UCLA,defense,DL4,Cole Cogshell,DL,2.9,returning,
UCLA,defense,LB1,Trent Hendrick,LB,27.85,transfer,James Madison
UCLA,defense,LB2,Drew Spinogatti,LB,25.6,transfer,James Madison
UCLA,defense,LB3,Jalen Woods,LB,16.7,returning,
UCLA,defense,DB1,DJ Barksdale,DB,29.6,transfer,James Madison
UCLA,defense,DB2,Tao Johnson,DB,19.75,transfer,Utah
UCLA,defense,DB3,Cole Martin,DB,18.5,returning,
UCLA,defense,DB4,Scooter Jackson,DB,16.15,returning,
Notre Dame,offense,QB,C.J. Carr,QB,145.1,returning,
Notre Dame,offense,RB,Aneyas Williams,RB,20.59,returning,
Notre Dame,offense,WR1,Jordan Faison,WR,49.83,returning,
Notre Dame,offense,WR2,Micah Gilbert,WR,8.85,returning,
Notre Dame,offense,WR3,Quincy Porter,WR,5.34,transfer,Ohio State
Notre Dame,offense,TE,Ty Washington,TE,3.83,returning,
Notre Dame,offense,OL1,,,,,
Notre Dame,offense,OL2,,,,,
Notre Dame,offense,OL3,,,,,
Notre Dame,offense,OL4,,,,,
Notre Dame,offense,OL5,,,,,
Notre Dame,defense,DL1,Boubacar Traore,DL,29.2,returning,
Notre Dame,defense,DL2,Francis Brewu,DL,14.4,transfer,Pittsburgh
Notre Dame,defense,DL3,Bryce Young,DL,12.75,returning,
Notre Dame,defense,DL4,Keon Keeley,DL,10.55,transfer,Alabama
Notre Dame,defense,LB1,Kyngstonn Viliamu-Asa,LB,27.05,returning,
Notre Dame,defense,LB2,Drayk Bowen,LB,21.7,returning,
Notre Dame,defense,LB3,Jaiden Ausberry,LB,15.6,returning,
Notre Dame,defense,DB1,Leonard Moore,CB,32.85,returning,
Notre Dame,defense,DB2,Adon Shuler,S,22.45,returning,
Notre Dame,defense,DB3,Christian Gray,CB,21.8,returning,
Notre Dame,defense,DB4,Luke Talich,S,19.75,returning,
Tennessee,offense,QB,Ryan Staub,QB,15.17,transfer,Colorado
Tennessee,offense,RB,DeSean Bishop,RB,67.84,returning,
Tennessee,offense,WR1,Mike Matthews,WR,53.15,returning,
Tennessee,offense,WR2,Braylon Staley,WR,50.22,returning,
Tennessee,offense,WR3,Radarious Jackson,WR,8.59,returning,
Tennessee,offense,TE,Ethan Davis,TE,20.06,returning,
Tennessee,offense,OL1,,,,,
Tennessee,offense,OL2,,,,,
Tennessee,offense,OL3,,,,,
Tennessee,offense,OL4,,,,,
Tennessee,offense,OL5,,,,,
Tennessee,defense,DL1,Jordan Norman,DL,21.7,transfer,Tulane
Tennessee,defense,DL2,Daevin Hobbs,DL,14.75,returning,
Tennessee,defense,DL3,Chaz Coleman,DE,9.05,transfer,Penn State
Tennessee,defense,DL4,Tyree Weathersby,DL,8.5,returning,
Tennessee,defense,LB1,Amare Campbell,LB,33.8,transfer,Penn State
Tennessee,defense,LB2,Edwin Spillman,LB,22.85,returning,
Tennessee,defense,LB3,Jeremiah Telander,LB,22.0,returning,
Tennessee,defense,DB1,Ty Redmond,DB,28.55,returning,
Tennessee,defense,DB2,Edrees Farooq,DB,23.35,returning,
Tennessee,defense,DB3,DJ Burks,DB,21.8,transfer,App State
Tennessee,defense,DB4,TJ Metcalf,DB,17.55,transfer,Michigan
Maryland,offense,QB,Malik Washington,QB,110.6,returning,
Maryland,offense,RB,DeJuan Williams,RB,9.12,returning,
Maryland,offense,WR1,Na'eem Abdul-Rahim Gladding,WR,54.58,transfer,Old Dominion
Maryland,offense,WR2,Chris Durr Jr.,WR,30.5,transfer,Wyoming
Maryland,offense,WR3,Kaleb Webb,WR,14.4,returning,
Maryland,offense,TE,JT Taggart,TE,-0.57,returning,
Maryland,offense,OL1,,,,,
Maryland,offense,OL2,,,,,
Maryland,offense,OL3,,,,,
Maryland,offense,OL4,,,,,
Maryland,offense,OL5,,,,,
Maryland,defense,DL1,Sidney Stewart,DL,31.95,returning,
Maryland,defense,DL2,Zahir Mathis,DL,25.0,returning,
Maryland,defense,DL3,Eyan Thomas,DL,10.95,returning,
Maryland,defense,DL4,Nahsir Taylor,DL,9.4,returning,
Maryland,defense,LB1,Daniel Wingate,LB,32.7,returning,
Maryland,defense,LB2,Trey Reddick,LB,18.05,returning,
Maryland,defense,LB3,Carlton Smith,LB,11.15,returning,
Maryland,defense,DB1,Jamare Glasker,DB,37.7,returning,
Maryland,defense,DB2,Dontay Joyner,DB,27.5,returning,
Maryland,defense,DB3,Lavain Scruggs,DB,17.4,returning,
Maryland,defense,DB4,Messiah Delhomme,DB,12.15,returning,
Georgia,offense,QB,Gunner Stockton,QB,194.89,returning,
Georgia,offense,RB,Nate Frazier,RB,31.44,returning,
Georgia,offense,WR1,Isiah Canion,WR,23.13,transfer,Georgia Tech
Georgia,offense,WR2,London Humphreys,WR,18.76,returning,
Georgia,offense,WR3,Landon Roldan,WR,2.63,returning,
Georgia,offense,TE,Lawson Luckie,TE,14.72,returning,
Georgia,offense,OL1,,,,,
Georgia,offense,OL2,,,,,
Georgia,offense,OL3,,,,,
Georgia,offense,OL4,,,,,
Georgia,offense,OL5,,,,,
Georgia,defense,DL1,Elijah Griffin,DL,8.7,returning,
Georgia,defense,DL2,Xzavier Mcleod,DL,5.2,returning,
Georgia,defense,DL3,Jordan Hall,DL,4.2,returning,
Georgia,defense,DL4,Nnamdi Ogboko,DL,3.5,returning,
Georgia,defense,LB1,Chris Cole,LB,23.6,returning,
Georgia,defense,LB2,Raylen Wilson,LB,21.4,returning,
Georgia,defense,LB3,Quintavius Johnson,LB,21.4,returning,
Georgia,defense,DB1,Ja'Marley Riddle,S,29.5,transfer,East Carolina
Georgia,defense,DB2,KJ Bolden,DB,23.7,returning,
Georgia,defense,DB3,Ellis Robinson IV,DB,23.5,returning,
Georgia,defense,DB4,Khalil Barnes,S,10.5,transfer,Clemson
Ohio State,offense,QB,Julian Sayin,QB,234.28,returning,
Ohio State,offense,RB,Bo Jackson,RB,40.49,returning,
Ohio State,offense,WR1,Jeremiah Smith,WR,104.88,returning,
Ohio State,offense,WR2,Devin McCuin,WR,40.34,transfer,UTSA
Ohio State,offense,WR3,Brandon Inniss,WR,24.45,returning,
Ohio State,offense,TE,Mason Williams,TE,17.97,transfer,Ohio
Ohio State,offense,OL1,,,,,
Ohio State,offense,OL2,,,,,
Ohio State,offense,OL3,,,,,
Ohio State,offense,OL4,,,,,
Ohio State,offense,OL5,,,,,
Ohio State,defense,DL1,James Smith,DT,17.1,transfer,Alabama
Ohio State,defense,DL2,Eddrick Houston,DT,11.6,returning,
Ohio State,defense,DL3,John Walker,DT,9.85,transfer,UCF
Ohio State,defense,DL4,Beau Atkinson,DE,6.85,returning,
Ohio State,defense,LB1,Christian Alliegro,LB,22.05,transfer,Wisconsin
Ohio State,defense,LB2,Payton Pierce,LB,9.65,returning,
Ohio State,defense,LB3,Riley Pettijohn,LB,6.65,returning,
Ohio State,defense,DB1,Jermaine Mathews Jr.,CB,14.35,returning,
Ohio State,defense,DB2,Jaylen McClain,S,9.05,returning,
Ohio State,defense,DB3,Dominick Kelly,CB,4.05,transfer,Georgia
Ohio State,defense,DB4,Devin Sanchez,CB,4.0,returning,
Utah State,offense,QB,Bryson Barnes,QB,138.67,returning,
Utah State,offense,RB,Javen Jacobs,RB,23.3,returning,
Utah State,offense,WR1,Javon Robinson,WR,34.15,transfer,Georgia State
Utah State,offense,WR2,Eli Wood,WR,21.48,transfer,Virginia
Utah State,offense,WR3,Kahanu Davis,WR,8.04,returning,
Utah State,offense,TE,Broc Lane,TE,4.16,returning,
Utah State,offense,OL1,,,,,
Utah State,offense,OL2,,,,,
Utah State,offense,OL3,,,,,
Utah State,offense,OL4,,,,,
Utah State,offense,OL5,,,,,
Utah State,defense,DL1,Tyree Morris,DT,18.6,returning,
Utah State,defense,DL2,Carson Tujague,DT,17.35,returning,
Utah State,defense,DL3,Gabriel Iniguez Jr.,DT,8.95,returning,
Utah State,defense,DL4,James Jennette,DL,4.15,transfer,Virginia Tech
Utah State,defense,LB1,John Miller,LB,42.55,returning,
Utah State,defense,LB2,Chris Joe,LB,19.85,returning,
Utah State,defense,LB3,Mataira Brown,LB,10.85,returning,
Utah State,defense,DB1,Brevin Hamblin,S,35.25,returning,
Utah State,defense,DB2,Ike Larsen,S,19.85,returning,
Utah State,defense,DB3,D'Angelo Mayes,CB,17.75,returning,
Utah State,defense,DB4,Bryson Taylor,CB,12.95,returning,
BYU,offense,QB,Bear Bachmeier,QB,167.09,returning,
BYU,offense,RB,LJ Martin,RB,51.31,returning,
BYU,offense,WR1,Kyler Kasper,WR,3.58,transfer,Oregon
BYU,offense,WR2,Reggie Frischknecht,WR,1.21,returning,
BYU,offense,WR3,Jojo Phillips,WR,0.98,returning,
BYU,offense,TE,Walker Lyons,TE,18.32,transfer,USC
BYU,offense,OL1,,,,,
BYU,offense,OL2,,,,,
BYU,offense,OL3,,,,,
BYU,offense,OL4,,,,,
BYU,offense,OL5,,,,,
BYU,defense,DL1,Bodie Schoonover,DE,19.05,returning,
BYU,defense,DL2,Keanu Tanuvasa,DT,16.2,returning,
BYU,defense,DL3,Tausili Akana,DE,9.75,returning,
BYU,defense,DL4,Nusi Taumoepeau,DE,7.2,returning,
BYU,defense,LB1,Cade Uluave,LB,37.7,transfer,California
BYU,defense,LB2,Isaiah Glasker,LB,33.8,returning,
BYU,defense,LB3,Siale Esera,LB,12.4,returning,
BYU,defense,DB1,Faletau Satuala,S,40.65,returning,
BYU,defense,DB2,Evan Johnson,CB,37.95,returning,
BYU,defense,DB3,Raider Damuni,S,11.05,returning,
BYU,defense,DB4,Jayven Williams,CB,8.05,transfer,Mississippi State
Michigan,offense,QB,Bryce Underwood,QB,107.7,returning,
Michigan,offense,RB,Jordan Marshall,RB,41.12,returning,
Michigan,offense,WR1,Andrew Marsh,WR,43.6,returning,
Michigan,offense,WR2,JJ Buchanan,WR,23.12,transfer,Utah
Michigan,offense,WR3,Channing Goodwin,WR,4.94,returning,
Michigan,offense,TE,Zack Marshall,TE,13.2,returning,
Michigan,offense,OL1,,,,,
Michigan,offense,OL2,,,,,
Michigan,offense,OL3,,,,,
Michigan,offense,OL4,,,,,
Michigan,offense,OL5,,,,,
Michigan,defense,DL1,John Henry Daley,DE,43.5,transfer,Utah
Michigan,defense,DL2,Dominic Nichols,DE,12.15,returning,
Michigan,defense,DL3,Enow Etta,DT,10.5,returning,
Michigan,defense,DL4,Jonah Leaea,DT,9.9,transfer,Utah
Michigan,defense,LB1,Nathaniel Staehling,LB,15.0,transfer,North Dakota State
Michigan,defense,LB2,Troy Bowles,LB,7.2,returning,
Michigan,defense,LB3,Max Alford,LB,6.6,transfer,BYU
Michigan,defense,DB1,Chris Bracy,S,32.35,transfer,Memphis
Michigan,defense,DB2,Smith Snowden,CB,23.95,transfer,Utah
Michigan,defense,DB3,Zeke Berry,CB,18.8,returning,
Michigan,defense,DB4,Jyaire Hill,CB,18.35,returning,
USC,offense,QB,Jayden Maiava,QB,228.6,returning,
USC,offense,RB,Waymond Jordan,RB,25.43,returning,
USC,offense,WR1,Tanook Hines,WR,47.52,returning,
USC,offense,WR2,Terrell Anderson,WR,46.74,transfer,NC State
USC,offense,WR3,Corey Simms,WR,0.14,returning,
USC,offense,TE,Carson Tabaracci,TE,4.64,returning,
USC,offense,OL1,,,,,
USC,offense,OL2,,,,,
USC,offense,OL3,,,,,
USC,offense,OL4,,,,,
USC,offense,OL5,,,,,
USC,defense,DL1,Braylan Shelby,DE,21.2,returning,
USC,defense,DL2,Jahkeem Stewart,DT,18.05,returning,
USC,defense,DL3,Jide Abasiri,DT,13.1,returning,
USC,defense,DL4,Zuriah Fisher,DE,12.9,transfer,Penn State
USC,defense,LB1,Desman Stephens II,LB,13.6,returning,
USC,defense,LB2,Deven Bryant,LB,12.2,transfer,Washington
USC,defense,LB3,Jadyn Walker,LB,11.55,returning,
USC,defense,DB1,Christian Pierce,S,17.9,returning,
USC,defense,DB2,Kennedy Urlacher,S,9.45,returning,
USC,defense,DB3,Jontez Williams,CB,9.25,transfer,Iowa State
USC,defense,DB4,Marcelles Williams,CB,8.7,returning,
South Carolina,offense,QB,Lanorris Sellers,QB,106.51,returning,
South Carolina,offense,RB,Jawarn Howell,RB,10.93,returning,
South Carolina,offense,WR1,Nyck Harbor,WR,45.66,returning,
South Carolina,offense,WR2,Nitro Tuggle,WR,25.88,transfer,Purdue
South Carolina,offense,WR3,Jayden Sellers,WR,21.09,returning,
South Carolina,offense,TE,Brady Hunt,TE,8.66,returning,
South Carolina,offense,OL1,,,,,
South Carolina,offense,OL2,,,,,
South Carolina,offense,OL3,,,,,
South Carolina,offense,OL4,,,,,
South Carolina,offense,OL5,,,,,
South Carolina,defense,DL1,Dylan Stewart,DE,29.85,returning,
South Carolina,defense,DL2,Caleb Herring,DE,20.0,transfer,Tennessee
South Carolina,defense,DL3,Tomiwa Durojaiye,DL,13.1,transfer,Illinois
South Carolina,defense,DL4,Drew Collins,DE,9.85,transfer,Arkansas State
South Carolina,defense,LB1,Fred Johnson,LB,21.2,returning,
South Carolina,defense,LB2,Justin Okoronkwo,LB,17.55,returning,
South Carolina,defense,LB3,Shawn Murphy,LB,11.9,returning,
South Carolina,defense,DB1,Vicari Swain,DB,26.55,returning,
South Carolina,defense,DB2,Ethan Johnson,DB,24.15,transfer,App State
South Carolina,defense,DB3,Peyton Williams,DB,16.75,returning,
South Carolina,defense,DB4,Gerald Kilgore,DB,16.15,returning,
Kansas State,offense,QB,Avery Johnson,QB,117.25,returning,
Kansas State,offense,RB,Joe Jackson,RB,19.76,returning,
Kansas State,offense,WR1,Jaron Tibbs,WR,32.76,returning,
Kansas State,offense,WR2,Joshua Manning,WR,10.53,transfer,Missouri
Kansas State,offense,WR3,Brandon White,WR,6.7,transfer,Hawai'i
Kansas State,offense,TE,Garrett Oakley,TE,25.97,returning,
Kansas State,offense,OL1,,,,,
Kansas State,offense,OL2,,,,,
Kansas State,offense,OL3,,,,,
Kansas State,offense,OL4,,,,,
Kansas State,offense,OL5,,,,,
Kansas State,defense,DL1,Elijah Hill,DE,31.45,transfer,Kennesaw State
Kansas State,defense,DL2,Wendell Gregory,DE,29.45,transfer,Oklahoma State
Kansas State,defense,DL3,Jordan Allen,DE,12.85,returning,
Kansas State,defense,DL4,Jayden Bryant,DE,12.35,transfer,Coastal Carolina
Kansas State,defense,LB1,Mekhi Mason,LB,37.95,transfer,Louisiana Tech
Kansas State,defense,LB2,Jacobi Oliphant Jr.,LB,9.15,transfer,Oklahoma State
Kansas State,defense,LB3,Rex Van Wyhe,LB,5.15,returning,
Kansas State,defense,DB1,Zashon Rich,CB,26.7,returning,
Kansas State,defense,DB2,Ja'Son Prevard,S,19.65,transfer,Virginia
Kansas State,defense,DB3,Koy Beasley,S,17.5,transfer,Miami (OH)
Kansas State,defense,DB4,Wesley Fair,S,11.85,returning,
Minnesota,offense,QB,Drake Lindsey,QB,87.03,returning,
Minnesota,offense,RB,Darius Taylor,RB,11.09,returning,
Minnesota,offense,WR1,Jalen Smith,WR,28.25,returning,
Minnesota,offense,WR2,Javon Tracy,WR,26.13,returning,
Minnesota,offense,WR3,Zion Steptoe,WR,14.38,transfer,Tulsa
Minnesota,offense,TE,Kaden Helms,TE,5.15,transfer,Oklahoma
Minnesota,offense,OL1,,,,,
Minnesota,offense,OL2,,,,,
Minnesota,offense,OL3,,,,,
Minnesota,offense,OL4,,,,,
Minnesota,offense,OL5,,,,,
Minnesota,defense,DL1,Anthony Smith,DL,49.8,returning,
Minnesota,defense,DL2,Karter Menz,DL,27.7,returning,
Minnesota,defense,DL3,Jaxon Howard,DL,15.65,returning,
Minnesota,defense,DL4,Naquan Crowder,DL,10.85,transfer,Marshall
Minnesota,defense,LB1,Maverick Baranowski,LB,29.45,returning,
Minnesota,defense,LB2,Matt Kingsbury,LB,18.4,returning,
Minnesota,defense,LB3,Andrew Marshall,LB,13.85,transfer,Eastern Michigan
Minnesota,defense,DB1,John Nestor,DB,45.5,returning,
Minnesota,defense,DB2,Kerry Brown,DB,21.35,returning,
Minnesota,defense,DB3,Aydan West,DB,5.15,transfer,Michigan State
Minnesota,defense,DB4,Aidan Gousby,DB,4.2,returning,
Penn State,offense,QB,Rocco Becht,QB,121.76,transfer,Iowa State
Penn State,offense,RB,Carson Hansen,RB,30.61,transfer,Iowa State
Penn State,offense,WR1,Chase Sowell,WR,28.91,transfer,Iowa State
Penn State,offense,WR2,Brett Eskildsen,WR,23.65,transfer,Iowa State
Penn State,offense,WR3,Koby Howard,WR,11.16,returning,
Penn State,offense,TE,Benjamin Brahmer,TE,32.76,transfer,Iowa State
Penn State,offense,OL1,,,,,
Penn State,offense,OL2,,,,,
Penn State,offense,OL3,,,,,
Penn State,offense,OL4,,,,,
Penn State,offense,OL5,,,,,
Penn State,defense,DL1,Yvan Kemajou,DE,13.05,returning,
Penn State,defense,DL2,Ikenna Ezeogu,DE,12.75,transfer,Iowa State
Penn State,defense,DL3,Armstrong Nnodim,DT,7.6,transfer,Oklahoma State
Penn State,defense,DL4,Keanu Williams,DT,5.15,transfer,UCLA
Penn State,defense,LB1,Caleb Bacon,LB,29.8,transfer,Iowa State
Penn State,defense,LB2,Kooper Ebel,LB,26.95,transfer,Iowa State
Penn State,defense,LB3,Tony Rojas,LB,13.5,returning,
Penn State,defense,DB1,Jamison Patton,S,16.05,transfer,Iowa State
Penn State,defense,DB2,Zion Tracy,CB,14.2,returning,
Penn State,defense,DB3,Daryus Dixson,CB,13.9,returning,
Penn State,defense,DB4,Audavion Collins,CB,12.2,returning,
Vanderbilt,offense,QB,Blaze Berlowitz,QB,15.8,returning,
Vanderbilt,offense,RB,Sedrick Alexander,RB,48.23,returning,
Vanderbilt,offense,WR1,Junior Sherrill,WR,61.05,returning,
Vanderbilt,offense,WR2,Ja'Cory Thomas,WR,35.13,transfer,Old Dominion
Vanderbilt,offense,WR3,Tristen Brown,WR,9.94,returning,
Vanderbilt,offense,TE,Jayvontay Conner,TE,21.92,transfer,East Carolina
Vanderbilt,offense,OL1,,,,,
Vanderbilt,offense,OL2,,,,,
Vanderbilt,offense,OL3,,,,,
Vanderbilt,offense,OL4,,,,,
Vanderbilt,offense,OL5,,,,,
Vanderbilt,defense,DL1,Miles Capers,EDGE,24.45,returning,
Vanderbilt,defense,DL2,Talan Carter,DL,21.5,transfer,Jacksonville State
Vanderbilt,defense,DL3,Jaylon Stone,DL,8.3,returning,
Vanderbilt,defense,DL4,Edwin Kolenge,EDGE,8.1,transfer,Boston College
Vanderbilt,defense,LB1,Bryan Longwell,LB,28.25,returning,
Vanderbilt,defense,LB2,Bryce Cowan,LB,15.95,returning,
Vanderbilt,defense,LB3,Jamison Curtis,LB,3.8,returning,
Vanderbilt,defense,DB1,Ricardo Jones,S,33.15,transfer,Clemson
Vanderbilt,defense,DB2,C.J. Heard,S,23.6,returning,
Vanderbilt,defense,DB3,Martel Hight,CB,18.0,returning,
Vanderbilt,defense,DB4,Jordan Matthews,CB,7.15,returning,
Washington,offense,QB,Demond Williams Jr.,QB,168.68,returning,
Washington,offense,RB,Jordan Washington,RB,11.88,returning,
Washington,offense,WR1,Christian Moss,WR,49.64,transfer,Kennesaw State
Washington,offense,WR2,Dezmen Roebuck,WR,35.47,returning,
Washington,offense,WR3,Chris Lawson,WR,2.41,returning,
Washington,offense,TE,Decker DeGraaf,TE,17.76,returning,
Washington,offense,OL1,,,,,
Washington,offense,OL2,,,,,
Washington,offense,OL3,,,,,
Washington,offense,OL4,,,,,
Washington,offense,OL5,,,,,
Washington,defense,DL1,Jacob Lane,EDGE,23.0,returning,
Washington,defense,DL2,Darin Conley,DL,12.15,transfer,Ball State
Washington,defense,DL3,Isaiah Ward,EDGE,10.55,returning,
Washington,defense,DL4,Elinneus Davis,DL,7.15,returning,
Washington,defense,LB1,Xe'Ree Alexander,LB,24.0,returning,
Washington,defense,LB2,Zaydrius Rainey-Sale,LB,11.1,returning,
Washington,defense,LB3,Jacob Manu,LB,5.05,returning,
Washington,defense,DB1,Alex McLaughlin,S,36.4,returning,
Washington,defense,DB2,Emmanuel Karnley,CB,18.6,transfer,Virginia
Washington,defense,DB3,Rahshawn Clark,S,15.1,returning,
Washington,defense,DB4,Rylon Dillard-Allen,S,7.0,returning,
Virginia Tech,offense,QB,Ethan Grunkemeyer,QB,63.17,transfer,Penn State
Virginia Tech,offense,RB,Marcellous Hawkins,RB,22.21,returning,
Virginia Tech,offense,WR1,Que'Sean Brown,WR,32.12,transfer,Duke
Virginia Tech,offense,WR2,Ayden Greene,WR,27.83,returning,
Virginia Tech,offense,WR3,Marlion Jackson,WR,23.9,transfer,Louisiana Tech
Virginia Tech,offense,TE,Ja'Ricous Hairston,TE,17.47,returning,
Virginia Tech,offense,OL1,,,,,
Virginia Tech,offense,OL2,,,,,
Virginia Tech,offense,OL3,,,,,
Virginia Tech,offense,OL4,,,,,
Virginia Tech,offense,OL5,,,,,
Virginia Tech,defense,DL1,Kemari Copeland,DL,24.8,returning,
Virginia Tech,defense,DL2,Elhadj Fall,DL,11.25,returning,
Virginia Tech,defense,DL3,Jason Abbey,DL,6.7,returning,
Virginia Tech,defense,DL4,Emmett Laws,DL,3.7,returning,
Virginia Tech,defense,LB1,Kaleb Spencer,LB,21.95,returning,
Virginia Tech,defense,LB2,Noah Chambers,LB,11.8,returning,
Virginia Tech,defense,LB3,Curtis Jones Jr.,LB,10.7,transfer,West Virginia
Virginia Tech,defense,DB1,Jaquez White,CB,42.2,transfer,Troy
Virginia Tech,defense,DB2,Cam Chadwick,CB,29.35,transfer,UConn
Virginia Tech,defense,DB3,Isaiah Brown-Murray,CB,16.15,returning,
Virginia Tech,defense,DB4,Thomas Williams,CB,11.45,returning,
SMU,offense,QB,Kevin Jennings,QB,167.72,returning,
SMU,offense,RB,Kendrick Raphael,RB,4.42,transfer,California
SMU,offense,WR1,Yamir Knight,WR,49.87,returning,
SMU,offense,WR2,Yannick Smith,WR,41.62,transfer,East Carolina
SMU,offense,WR3,Derrick McFall,WR,16.69,returning,
SMU,offense,TE,Theo Melin Ohrstrom,TE,3.95,transfer,Texas A&M
SMU,offense,OL1,,,,,
SMU,offense,OL2,,,,,
SMU,offense,OL3,,,,,
SMU,offense,OL4,,,,,
SMU,offense,OL5,,,,,
SMU,defense,DL1,Marques White,DE,27.8,transfer,Massachusetts
SMU,defense,DL2,Ira Singleton,DE,11.7,transfer,South Florida
SMU,defense,DL3,Malcolm Alcorn-Crowder,DL,10.2,transfer,Kansas State
SMU,defense,DL4,Christian Davis,DL,8.85,transfer,Louisiana Tech
SMU,defense,LB1,Brandon Miyazono,LB,26.15,returning,
SMU,defense,LB2,Brandon Booker,LB,16.4,returning,
SMU,defense,LB3,Caden Marshall,LB,14.45,transfer,Bowling Green
SMU,defense,DB1,Marcellus Barnes Jr.,CB,16.7,returning,
SMU,defense,DB2,William Nettles,CB,12.95,returning,
SMU,defense,DB3,Jaelyn Davis-Robinson,CB,12.35,returning,
SMU,defense,DB4,Tyren Polley,S,10.5,returning,
Arizona State,offense,QB,Cutter Boley,QB,96.83,transfer,Kentucky
Arizona State,offense,RB,Kyson Brown,RB,7.77,returning,
Arizona State,offense,WR1,Omarion Miller,WR,52.51,transfer,Colorado
Arizona State,offense,WR2,Reed Harris,WR,36.76,transfer,Boston College
Arizona State,offense,WR3,Raiden Vines-Bright,WR,20.86,transfer,Washington
Arizona State,offense,TE,AJ Ia,TE,1.57,returning,
Arizona State,offense,OL1,,,,,
Arizona State,offense,OL2,,,,,
Arizona State,offense,OL3,,,,,
Arizona State,offense,OL4,,,,,
Arizona State,offense,OL5,,,,,
Arizona State,defense,DL1,Jalen Thompson,DL,18.9,transfer,Michigan State
Arizona State,defense,DL2,C.J. Fite,DL,18.15,returning,
Arizona State,defense,DL3,Emar'rion Winston,DL,17.4,transfer,Baylor
Arizona State,defense,DL4,Clayton Smith,DE,16.65,returning,
Arizona State,defense,LB1,Owen Long,LB,30.55,transfer,Colorado State
Arizona State,defense,LB2,Martell Hughes,LB,15.9,returning,
Arizona State,defense,LB3,Zyrus Fiaseu,LB,2.45,returning,
Arizona State,defense,DB1,Jessiah McGrew,DB,23.7,transfer,Florida International
Arizona State,defense,DB2,Lyrik Rawls,DB,21.95,transfer,Kansas
Arizona State,defense,DB3,Adrian Wilson,S,18.2,returning,
Arizona State,defense,DB4,Montana Warren,DB,17.25,returning,
Florida State,offense,QB,Ashton Daniels,QB,42.94,transfer,Auburn
Florida State,offense,RB,Ousmane Kromah,RB,18.35,returning,
Florida State,offense,WR1,Duce Robinson,WR,67.25,returning,
Florida State,offense,WR2,Micahi Danzy,WR,43.05,returning,
Florida State,offense,WR3,Jayvan Boggs,WR,5.23,returning,
Florida State,offense,TE,Desirrio Riles,TE,17.3,transfer,East Carolina
Florida State,offense,OL1,,,,,
Florida State,offense,OL2,,,,,
Florida State,offense,OL3,,,,,
Florida State,offense,OL4,,,,,
Florida State,offense,OL5,,,,,
Florida State,defense,DL1,Mandrell Desir,DL,22.5,returning,
Florida State,defense,DL2,Daniel Lyons,DL,11.85,returning,
Florida State,defense,DL3,Deante McCray,DL,11.75,returning,
Florida State,defense,DL4,Rylan Kennedy,DL,10.4,transfer,Texas A&M
Florida State,defense,LB1,Chris Jones,LB,36.45,transfer,Southern Miss
Florida State,defense,LB2,Blake Nichelson,LB,16.8,returning,
Florida State,defense,LB3,Mikai Gbayor,LB,11.35,transfer,North Carolina
Florida State,defense,DB1,Nehemiah Chandler,DB,29.1,transfer,South Alabama
Florida State,defense,DB2,Ashlynd Barker,DB,18.8,returning,
Florida State,defense,DB3,Ja'Bril Rawls,DB,12.5,returning,
Florida State,defense,DB4,K.J. Kirkland,DB,9.1,returning,
Texas State,offense,QB,Brad Jackson,QB,226.91,returning,
Texas State,offense,RB,Torrance Burgess Jr.,RB,2.76,returning,
Texas State,offense,WR1,Beau Sparks,WR,95.5,returning,
Texas State,offense,WR2,Chris Dawn Jr.,WR,63.66,returning,
Texas State,offense,WR3,Kylen Evans,WR,7.87,returning,
Texas State,offense,TE,Blake Smith,TE,7.43,returning,
Texas State,offense,OL1,,,,,
Texas State,offense,OL2,,,,,
Texas State,offense,OL3,,,,,
Texas State,offense,OL4,,,,,
Texas State,offense,OL5,,,,,
Texas State,defense,DL1,Donterry Russell,DL,15.3,returning,
Texas State,defense,DL2,Bryce Carter,DL,7.25,returning,
Texas State,defense,DL3,Ta'Derius Collins,DL,3.35,returning,
Texas State,defense,DL4,J.P. Deeter,DL,1.9,returning,
Texas State,defense,LB1,Terrence Cooks II,LB,14.6,returning,
Texas State,defense,LB2,Cole Nilles,LB,9.45,returning,
Texas State,defense,LB3,Ayden Jones,LB,7.7,returning,
Texas State,defense,DB1,Ryan Nolan,DB,15.2,returning,
Texas State,defense,DB2,Christopher Jones,DB,14.85,returning,
Texas State,defense,DB3,Amarion Atwood,DB,9.9,returning,
Texas State,defense,DB4,Dexter Ricks Jr.,DB,8.3,transfer,Liberty
Northwestern,offense,QB,Aidan Chiles,QB,98.61,transfer,Michigan State
Northwestern,offense,RB,Caleb Komolafe,RB,37.34,returning,
Northwestern,offense,WR1,Griffin Wilde,WR,69.32,returning,
Northwestern,offense,WR2,Hayden Eligon Ii,WR,37.27,returning,
Northwestern,offense,WR3,Drew Wagner,WR,5.7,returning,
Northwestern,offense,TE,Alex Honig,TE,14.81,transfer,UConn
Northwestern,offense,OL1,,,,,
Northwestern,offense,OL2,,,,,
Northwestern,offense,OL3,,,,,
Northwestern,offense,OL4,,,,,
Northwestern,offense,OL5,,,,,
Northwestern,defense,DL1,Michael Kilbane,DL,24.2,returning,
Northwestern,defense,DL2,Jamaal Johnson,DL,6.15,transfer,UCF
Northwestern,defense,DL3,Brendan Flakes,DL,4.8,returning,
Northwestern,defense,DL4,Mason Green,DL,2.6,returning,
Northwestern,defense,LB1,Braydon Brus,LB,24.35,returning,
Northwestern,defense,LB2,Kobie McKinzie,LB,15.95,transfer,Oklahoma
Northwestern,defense,LB3,Payton Roth,LB,0.8,returning,
Northwestern,defense,DB1,Robert Fitzgerald,DB,28.1,returning,
Northwestern,defense,DB2,Braden Turner,DB,19.45,returning,
Northwestern,defense,DB3,Brenden Deasfernandes,DB,18.5,transfer,Central Michigan
Northwestern,defense,DB4,Josh Fussell,DB,15.65,returning,
Kansas,offense,QB,Chase Jenkins,QB,27.61,transfer,Rice
Kansas,offense,RB,Dylan Edwards,RB,8.96,transfer,Kansas State
Kansas,offense,WR1,Nik McMillan,WR,50.4,transfer,Buffalo
Kansas,offense,WR2,Cam Pickett,WR,32.5,returning,
Kansas,offense,WR3,Nahzae Cox,WR,31.0,transfer,Middle Tennessee
Kansas,offense,TE,Leyton Cure,TE,8.5,returning,
Kansas,offense,OL1,,,,,
Kansas,offense,OL2,,,,,
Kansas,offense,OL3,,,,,
Kansas,offense,OL4,,,,,
Kansas,offense,OL5,,,,,
Kansas,defense,DL1,Leroy Harris III,DE,27.85,returning,
Kansas,defense,DL2,Blake Herold,DT,19.55,returning,
Kansas,defense,DL3,Eamon Smalls,DT,11.75,transfer,UAB
Kansas,defense,DL4,Dakyus Brinkley,DE,10.5,returning,
Kansas,defense,LB1,Trey Lathan,LB,32.85,returning,
Kansas,defense,LB2,Jibreel Al-Amin,LB,20.85,transfer,Marshall
Kansas,defense,LB3,Daveon Crouch,LB,15.2,transfer,Boston College
Kansas,defense,DB1,Austin Alexander,CB,15.35,returning,
Kansas,defense,DB2,Jalen Todd,CB,14.9,returning,
Kansas,defense,DB3,Roman Pearson,CB,11.45,transfer,Ball State
Kansas,defense,DB4,Syeed Gibbs,CB,10.05,returning,
Houston,offense,QB,Conner Weigman,QB,157.02,returning,
Houston,offense,RB,DJ Butler,RB,1.82,returning,
Houston,offense,WR1,Amare Thomas,WR,80.34,returning,
Houston,offense,WR2,Trent Walker,WR,44.6,transfer,Oregon State
Houston,offense,WR3,Koby Young,WR,11.63,returning,
Houston,offense,TE,Patrick Overmyer,TE,25.14,transfer,UTSA
Houston,offense,OL1,,,,,
Houston,offense,OL2,,,,,
Houston,offense,OL3,,,,,
Houston,offense,OL4,,,,,
Houston,offense,OL5,,,,,
Houston,defense,DL1,Khalil Laufau,DL,12.15,returning,
Houston,defense,DL2,Ashton Porter,DL,9.0,transfer,Oregon
Houston,defense,DL3,De'Marion Thomas,DL,2.05,transfer,Oklahoma State
Houston,defense,DL4,Myles Parker,DL,2.0,returning,
Houston,defense,LB1,Latreveon McCutchin,LB,24.95,returning,
Houston,defense,LB2,Miller Malone,LB,11.2,transfer,Western Kentucky
Houston,defense,LB3,Carmycah Glass,LB,8.4,returning,
Houston,defense,DB1,Will James,DB,31.15,returning,
Houston,defense,DB2,Javion White,DB,26.15,transfer,Tulane
Houston,defense,DB3,Kentrell Webb,DB,19.6,returning,
Houston,defense,DB4,Jordan Allen,DB,10.05,returning,
Florida,offense,QB,Aaron Philo,QB,20.1,transfer,Georgia Tech
Florida,offense,RB,Jadan Baugh,RB,42.89,returning,
Florida,offense,WR1,Vernell Brown III,WR,28.48,returning,
Florida,offense,WR2,Eric Singleton Jr.,WR,17.8,transfer,Auburn
Florida,offense,WR3,Bailey Stockton,WR,16.2,transfer,Georgia Tech
Florida,offense,TE,Luke Harpring,TE,13.72,transfer,Georgia Tech
Florida,offense,OL1,,,,,
Florida,offense,OL2,,,,,
Florida,offense,OL3,,,,,
Florida,offense,OL4,,,,,
Florida,offense,OL5,,,,,
Florida,defense,DL1,Kamran James,DL,18.15,returning,
Florida,defense,DL2,Brendan Bett,DL,13.5,returning,
Florida,defense,DL3,Mason Clinton,DL,5.6,transfer,Southern Miss
Florida,defense,DL4,Jeramiah Mccloud,DL,5.05,returning,
Florida,defense,LB1,Myles Graham,LB,28.6,returning,
Florida,defense,LB2,Jayden Woods,LB,19.45,returning,
Florida,defense,LB3,Jaden Robinson,LB,18.85,returning,
Florida,defense,DB1,Bryce Thornton,S,27.1,returning,
Florida,defense,DB2,DJ Coleman,S,22.6,transfer,Baylor
Florida,defense,DB3,Jordy Lowery,CB,10.7,transfer,East Carolina
Florida,defense,DB4,Lagonza Hayward,S,8.45,returning,
Arizona,offense,QB,Noah Fifita,QB,131.66,returning,
Arizona,offense,RB,Kedrick Reescano,RB,17.66,returning,
Arizona,offense,WR1,Tre Spivey,WR,31.38,returning,
Arizona,offense,WR2,Chris Hunter,WR,16.78,returning,
Arizona,offense,WR3,Brandon Phelps,WR,3.03,returning,
Arizona,offense,TE,Cole Rusk,TE,19.38,transfer,Illinois
Arizona,offense,OL1,,,,,
Arizona,offense,OL2,,,,,
Arizona,offense,OL3,,,,,
Arizona,offense,OL4,,,,,
Arizona,offense,OL5,,,,,
Arizona,defense,DL1,Leroy Palu,DL,8.8,returning,
Arizona,defense,DL2,Dominic Lolesio,DL,7.65,returning,
Arizona,defense,DL3,Mays Pese,DL,6.4,returning,
Arizona,defense,DL4,Tre Smith,DL,3.95,returning,
Arizona,defense,LB1,Taye Brown,LB,29.3,returning,
Arizona,defense,LB2,Everett Roussaw Jr.,LB,26.55,transfer,Memphis
Arizona,defense,LB3,Chase Kennedy,LB,23.7,returning,
Arizona,defense,DB1,Jay'Vion Cole,CB,30.8,returning,
Arizona,defense,DB2,Lee Molette III,S,17.0,transfer,UConn
Arizona,defense,DB3,Gavin Hunter,S,13.15,returning,
Arizona,defense,DB4,Tyrese Boss,CB,9.85,transfer,Wyoming
NC State,offense,QB,CJ Bailey,QB,178.71,returning,
NC State,offense,RB,Jayden Scott,RB,10.14,returning,
NC State,offense,WR1,Victor Snow,WR,60.95,transfer,Buffalo
NC State,offense,WR2,Davion Dozier,WR,35.88,transfer,App State
NC State,offense,WR3,Teddy Hoffmann,WR,24.17,returning,
NC State,offense,TE,Preston Douglas,TE,4.49,returning,
NC State,offense,OL1,,,,,
NC State,offense,OL2,,,,,
NC State,offense,OL3,,,,,
NC State,offense,OL4,,,,,
NC State,offense,OL5,,,,,
NC State,defense,DL1,Isaiah Shirley,DT,13.0,returning,
NC State,defense,DL2,Chase Bond,DE,11.85,returning,
NC State,defense,DL3,Joseph Adedire,DE,4.6,returning,
NC State,defense,DL4,Adrian Farrow,DL,0.2,returning,
NC State,defense,LB1,Zane Williams,LB,4.8,returning,
NC State,defense,LB2,AJ Richardson,LB,2.7,returning,
NC State,defense,LB3,Kevon Carter,LB,1.2,returning,
NC State,defense,DB1,King Mack,S,15.05,transfer,Penn State
NC State,defense,DB2,Jackson Vick,CB,14.25,returning,
NC State,defense,DB3,Asaad Brown Jr.,CB,11.9,returning,
NC State,defense,DB4,Brian Nelson II,CB,11.9,returning,
California,offense,QB,Jaron-Keawe Sagapolutele,QB,119.78,returning,
California,offense,RB,Adam Mohammed,RB,21.72,transfer,Washington
California,offense,WR1,Chase Hendricks,WR,76.98,transfer,Ohio
California,offense,WR2,Ian Strong,WR,50.14,transfer,Rutgers
California,offense,WR3,Jordan King,WR,23.98,returning,
California,offense,TE,Dorian Thomas,TE,31.2,transfer,New Mexico
California,offense,OL1,,,,,
California,offense,OL2,,,,,
California,offense,OL3,,,,,
California,offense,OL4,,,,,
California,offense,OL5,,,,,
California,defense,DL1,Derek Wilkins,DL,11.7,returning,
California,defense,DL2,Jayden Williams,DL,3.1,transfer,North Texas
California,defense,DL3,BJ Canady,DL,2.1,returning,
California,defense,DL4,Jericho Johnson,DL,1.75,transfer,Oregon
California,defense,LB1,Jayden Wayne,LB,14.85,returning,
California,defense,LB2,Joshua Pierce,LB,6.9,transfer,North Texas
California,defense,LB3,Aaron Hampton,LB,6.6,returning,
California,defense,DB1,Aiden Manutai,DB,13.4,returning,
California,defense,DB2,Isaiah Crosby,DB,7.65,returning,
California,defense,DB3,Jasiah Wagoner,DB,4.05,returning,
California,defense,DB4,Kingston Lopa,DB,3.95,transfer,Oregon
Clemson,offense,QB,Chris Denson,QB,10.18,returning,
Clemson,offense,RB,Chris Johnson Jr.,RB,18.84,transfer,SMU
Clemson,offense,WR1,T.J. Moore,WR,43.12,returning,
Clemson,offense,WR2,Bryant Wesco Jr.,WR,39.73,returning,
Clemson,offense,WR3,Tyler Brown,WR,13.34,returning,
Clemson,offense,TE,Christian Bentancur,TE,16.64,returning,
Clemson,offense,OL1,,,,,
Clemson,offense,OL2,,,,,
Clemson,offense,OL3,,,,,
Clemson,offense,OL4,,,,,
Clemson,offense,OL5,,,,,
Clemson,defense,DL1,Will Heldt,DE,39.85,returning,
Clemson,defense,DL2,London Merritt,DE,16.8,transfer,Colorado
Clemson,defense,DL3,Markus Strong,DT,6.3,transfer,Oklahoma
Clemson,defense,DL4,Devarrick Woods,DT,5.9,transfer,Texas State
Clemson,defense,LB1,Sammy Brown,LB,49.45,returning,
Clemson,defense,LB2,Kobe McCloud,LB,12.85,returning,
Clemson,defense,LB3,Jeremiah Alexander,LB,11.6,returning,
Clemson,defense,DB1,Corey Myrick,S,27.35,transfer,Southern Miss
Clemson,defense,DB2,Ashton Hampton,CB,23.0,returning,
Clemson,defense,DB3,Ronan Hanafin,S,17.4,returning,
Clemson,defense,DB4,Branden Strozier,CB,9.85,returning,
Colorado State,offense,QB,Darius Curry,QB,19.0,returning,
Colorado State,offense,RB,Oliver Lundberg Coleman,RB,6.28,transfer,UConn
Colorado State,offense,WR1,Tay Lanier,WR,21.7,returning,
Colorado State,offense,WR2,Tommy Maher,WR,21.62,returning,
Colorado State,offense,WR3,Lavon Brown,WR,14.58,returning,
Colorado State,offense,TE,Nader Chirchi,TE,2.16,transfer,UConn
Colorado State,offense,OL1,,,,,
Colorado State,offense,OL2,,,,,
Colorado State,offense,OL3,,,,,
Colorado State,offense,OL4,,,,,
Colorado State,offense,OL5,,,,,
Colorado State,defense,DL1,Stephon Wright,DL,14.05,transfer,UConn
Colorado State,defense,DL2,Robby Harrison,DL,6.1,transfer,Western Kentucky
Colorado State,defense,DL3,Jack Moran,DL,5.0,returning,
Colorado State,defense,DL4,Jernias Tafia,DL,4.8,returning,
Colorado State,defense,LB1,Oumar Diomande,LB,32.35,transfer,UConn
Colorado State,defense,LB2,Paul Tangelo,LB,14.65,returning,
Colorado State,defense,LB3,Jacob Ellis,LB,11.6,returning,
Colorado State,defense,DB1,Lemondre Joe,DB,37.1,returning,
Colorado State,defense,DB2,Jahari Rogers,DB,22.35,returning,
Colorado State,defense,DB3,Jace Bellah,DB,19.55,returning,
Colorado State,defense,DB4,Jake Jarmolowich,DB,17.45,returning,
Syracuse,offense,QB,Amari Odom,QB,117.68,transfer,Kennesaw State
Syracuse,offense,RB,Ju'Juan Johnson,RB,-0.19,transfer,LSU
Syracuse,offense,WR1,Cole Weaver,WR,30.15,transfer,Miami (OH)
Syracuse,offense,WR2,Darien Williams,WR,7.65,returning,
Syracuse,offense,WR3,Tyshawn Russell,WR,6.34,returning,
Syracuse,offense,TE,Noah Meyers,TE,20.09,transfer,Western Kentucky
Syracuse,offense,OL1,,,,,
Syracuse,offense,OL2,,,,,
Syracuse,offense,OL3,,,,,
Syracuse,offense,OL4,,,,,
Syracuse,offense,OL5,,,,,
Syracuse,defense,DL1,Tunmise Adeleye,DL,28.8,transfer,UNLV
Syracuse,defense,DL2,Jartavius Flounoy,DL,15.95,transfer,Georgia State
Syracuse,defense,DL3,Dillan Fontus,DL,10.7,transfer,Maryland
Syracuse,defense,DL4,Nathan Nyandoro,DL,2.3,returning,
Syracuse,defense,LB1,Chris D'Appolonia,LB,18.15,transfer,Toledo
Syracuse,defense,LB2,David Omopariola,LB,16.4,returning,
Syracuse,defense,LB3,Gary Bryant III,LB,13.55,returning,
Syracuse,defense,DB1,Nazir Ward,DB,19.0,transfer,Western Kentucky
Syracuse,defense,DB2,Demetres Samuel Jr.,DB,16.95,returning,
Syracuse,defense,DB3,Chris Peal,DB,15.65,returning,
Syracuse,defense,DB4,Braheem Long Jr.,DB,14.7,returning,
Arkansas,offense,QB,KJ Jackson,QB,38.34,returning,
Arkansas,offense,RB,Sutton Smith,RB,22.5,transfer,Memphis
Arkansas,offense,WR1,Donovan Faupel,WR,43.83,transfer,New Mexico State
Arkansas,offense,WR2,Jamari Hawkins,WR,39.2,transfer,Memphis
Arkansas,offense,WR3,Chris Marshall,WR,27.05,transfer,Boise State
Arkansas,offense,TE,Jaden Platt,TE,18.21,returning,
Arkansas,offense,OL1,,,,,
Arkansas,offense,OL2,,,,,
Arkansas,offense,OL3,,,,,
Arkansas,offense,OL4,,,,,
Arkansas,offense,OL5,,,,,
Arkansas,defense,DL1,Quincy Rhodes Jr.,DL,38.55,returning,
Arkansas,defense,DL2,Steven Soles Jr.,DL,15.35,transfer,Kentucky
Arkansas,defense,DL3,Hunter Osborne,DL,7.35,transfer,Virginia
Arkansas,defense,DL4,Charlie Collins,DL,2.4,returning,
Arkansas,defense,LB1,Bradley Shaw,LB,19.25,returning,
Arkansas,defense,LB2,Ben Bogle,LB,14.7,transfer,West Virginia
Arkansas,defense,LB3,Wyatt Simmons,LB,1.7,returning,
Arkansas,defense,DB1,Christian Harrison,DB,21.0,transfer,Cincinnati
Arkansas,defense,DB2,Khmori House,DB,19.3,transfer,North Carolina
Arkansas,defense,DB3,La'khi Roland,DB,18.6,transfer,Maryland
Arkansas,defense,DB4,Miguel Mitchell,DB,11.95,returning,
Duke,offense,QB,Walker Eget,QB,122.62,transfer,San José State
Duke,offense,RB,Nate Sheppard,RB,46.1,returning,
Duke,offense,WR1,Javen Nicholas,WR,43.36,transfer,Charlotte
Duke,offense,WR2,Jayden Moore,WR,2.48,returning,
Duke,offense,WR3,,,,,
Duke,offense,TE,Jeremiah Hasley,TE,41.94,returning,
Duke,offense,OL1,,,,,
Duke,offense,OL2,,,,,
Duke,offense,OL3,,,,,
Duke,offense,OL4,,,,,
Duke,offense,OL5,,,,,
Duke,defense,DL1,Preston Watson,DT,8.75,returning,
Duke,defense,DL2,Tyshon Reed,DE,7.8,returning,
Duke,defense,DL3,Bryce Davis,DE,6.25,returning,
Duke,defense,DL4,Kevin O'Connor,DE,4.6,returning,
Duke,defense,LB1,Luke Mergott,LB,36.1,returning,
Duke,defense,LB2,Kendall Johnson,LB,13.7,returning,
Duke,defense,LB3,Elliott Schaper,LB,9.6,returning,
Duke,defense,DB1,DaShawn Stone,S,21.1,returning,
Duke,defense,DB2,Dylan Flowers,CB,12.8,transfer,Western Kentucky
Duke,defense,DB3,Patrick Smith-Young,S,12.25,transfer,North Texas
Duke,defense,DB4,Andrew Pellicciotta,S,8.85,returning,
Louisville,offense,QB,Lincoln Kienholz,QB,16.13,transfer,Ohio State
Louisville,offense,RB,Isaac Brown,RB,34.28,returning,
Louisville,offense,WR1,Tre Richardson,WR,46.95,transfer,Vanderbilt
Louisville,offense,WR2,Lawayne McCoy,WR,33.69,transfer,Florida State
Louisville,offense,WR3,Treyshun Hurry,WR,8.02,returning,
Louisville,offense,TE,Brody Foley,TE,40.82,transfer,Tulsa
Louisville,offense,OL1,,,,,
Louisville,offense,OL2,,,,,
Louisville,offense,OL3,,,,,
Louisville,offense,OL4,,,,,
Louisville,offense,OL5,,,,,
Louisville,defense,DL1,Clev Lubin,DL,40.65,returning,
Louisville,defense,DL2,Tyler Thompson,DL,22.6,transfer,North Carolina
Louisville,defense,DL3,Jerod Smith II,DL,11.2,transfer,Kentucky
Louisville,defense,DL4,Demeco Kennedy,DL,8.7,transfer,Purdue
Louisville,defense,LB1,T.J. Capers,LB,13.35,returning,
Louisville,defense,LB2,Stanquan Clark,LB,4.15,returning,
Louisville,defense,LB3,Trent Carter,LB,2.7,returning,
Louisville,defense,DB1,Antonio Watts,DB,30.95,returning,
Louisville,defense,DB2,Tayon Holloway,DB,20.95,returning,
Louisville,defense,DB3,Koen Entringer,DB,16.8,transfer,Iowa
Louisville,defense,DB4,Kaleb Beasley,DB,6.65,transfer,Tennessee
Pittsburgh,offense,QB,Mason Heintschel,QB,104.27,returning,
Pittsburgh,offense,RB,La'Vell Wright,RB,27.47,transfer,Western Kentucky
Pittsburgh,offense,WR1,Bryce Yates,WR,15.46,returning,
Pittsburgh,offense,WR2,Cataurus Hicks,WR,15.2,returning,
Pittsburgh,offense,WR3,Censere Lee,WR,6.38,returning,
Pittsburgh,offense,TE,Carson Kent,TE,3.32,transfer,Oklahoma
Pittsburgh,offense,OL1,,,,,
Pittsburgh,offense,OL2,,,,,
Pittsburgh,offense,OL3,,,,,
Pittsburgh,offense,OL4,,,,,
Pittsburgh,offense,OL5,,,,,
Pittsburgh,defense,DL1,Jimmy Scott,DL,22.2,returning,
Pittsburgh,defense,DL2,Isaiah Neal,DL,20.85,returning,
Pittsburgh,defense,DL3,Nick James,DL,16.6,returning,
Pittsburgh,defense,DL4,Sean FitzSimmons,DL,8.0,returning,
Pittsburgh,defense,LB1,Braylan Lovelace,LB,34.65,returning,
Pittsburgh,defense,LB2,DeMarco Ward,LB,28.0,transfer,Memphis
Pittsburgh,defense,LB3,Cameron Lindsey,LB,14.7,returning,
Pittsburgh,defense,DB1,Shawn Lee Jr.,DB,23.85,returning,
Pittsburgh,defense,DB2,Cruce Brookins,DB,15.3,returning,
Pittsburgh,defense,DB3,Shadarian Harrison,DB,9.65,returning,
Pittsburgh,defense,DB4,Josh Guerrier,DB,4.55,returning,
Illinois,offense,QB,Katin Houser,QB,162.14,transfer,East Carolina
Illinois,offense,RB,Jordan Anderson,RB,5.9,returning,
Illinois,offense,WR1,Jayshon Platt,WR,41.88,transfer,Florida Atlantic
Illinois,offense,WR2,Alex Perry,WR,35.6,transfer,Florida International
Illinois,offense,WR3,Hudson Clement,WR,30.51,returning,
Illinois,offense,TE,Kaden Feagin,TE,16.02,returning,
Illinois,offense,OL1,,,,,
Illinois,offense,OL2,,,,,
Illinois,offense,OL3,,,,,
Illinois,offense,OL4,,,,,
Illinois,offense,OL5,,,,,
Illinois,defense,DL1,Darrell Prater,DL,11.6,transfer,Jacksonville State
Illinois,defense,DL2,Joe Barna,DL,10.0,returning,
Illinois,defense,DL3,Pat Farrell,DL,8.1,returning,
Illinois,defense,DL4,Isaiah Thomison,DL,7.2,transfer,Bowling Green
Illinois,defense,LB1,William Holmes,LB,18.75,transfer,Utah State
Illinois,defense,LB2,Robert Edmonson,LB,14.2,transfer,Colorado State
Illinois,defense,LB3,James Kreutz,LB,12.0,returning,
Illinois,defense,DB1,Matthew Bailey,DB,16.6,returning,
Illinois,defense,DB2,Tanner Heckel,DB,15.6,returning,
Illinois,defense,DB3,Deuce Fillmore,DB,7.65,transfer,Georgia State
Illinois,defense,DB4,Xavier Scott,DB,5.35,returning,
Baylor,offense,QB,DJ Lagway,QB,75.21,transfer,Florida
Baylor,offense,RB,Caden Knighten,RB,11.9,returning,
Baylor,offense,WR1,Gavin Freeman,WR,19.55,transfer,Oklahoma State
Baylor,offense,WR2,Hardley Gilmore IV,WR,13.3,transfer,Kentucky
Baylor,offense,WR3,Jadon Porter,WR,7.12,returning,
Baylor,offense,TE,Matthew Klopfenstein,TE,6.04,returning,
Baylor,offense,OL1,,,,,
Baylor,offense,OL2,,,,,
Baylor,offense,OL3,,,,,
Baylor,offense,OL4,,,,,
Baylor,offense,OL5,,,,,
Baylor,defense,DL1,Kamren Washington,DL,11.25,transfer,Texas State
Baylor,defense,DL2,Devonte Tezino,DL,10.3,returning,
Baylor,defense,DL3,Hosea Wheeler,DL,10.1,transfer,Indiana
Baylor,defense,DL4,Daemian Wimberly,DE,9.5,transfer,UTSA
Baylor,defense,LB1,Garrick Ponder,LB,27.45,transfer,Southern Miss
Baylor,defense,LB2,Ryan Davis,LB,19.15,transfer,Kansas State
Baylor,defense,LB3,Kedrick Walker,LB,18.45,transfer,Georgia State
Baylor,defense,DB1,Jacob Redding,S,23.55,returning,
Baylor,defense,DB2,Daniel Cobbs,S,19.9,transfer,Kansas State
Baylor,defense,DB3,Stilton McKelvey,CB,17.05,transfer,New Mexico State
Baylor,defense,DB4,Levar Thornton Jr.,CB,15.2,returning,
Florida Atlantic,offense,QB,Caden Veltkamp,QB,131.04,returning,
Florida Atlantic,offense,RB,Kaden Shields-Dutton,RB,17.06,returning,
Florida Atlantic,offense,WR1,Easton Messer,WR,74.92,returning,
Florida Atlantic,offense,WR2,RJ Garcia II,WR,26.05,transfer,Bowling Green
Florida Atlantic,offense,WR3,Branden Hoch,WR,13.14,returning,
Florida Atlantic,offense,TE,Brooks Johnson,TE,0.09,transfer,Coastal Carolina
Florida Atlantic,offense,OL1,,,,,
Florida Atlantic,offense,OL2,,,,,
Florida Atlantic,offense,OL3,,,,,
Florida Atlantic,offense,OL4,,,,,
Florida Atlantic,offense,OL5,,,,,
Florida Atlantic,defense,DL1,Wilky Denaud,DL,13.4,returning,
Florida Atlantic,defense,DL2,Earl Miller Jr.,DT,3.3,returning,
Florida Atlantic,defense,DL3,Tycoolhill Luman,DL,3.15,returning,
Florida Atlantic,defense,DL4,Enyce Sledge,DL,1.45,returning,
Florida Atlantic,defense,LB1,Leon Hart Jr.,LB,19.05,returning,
Florida Atlantic,defense,LB2,Khmari Johnson,LB,9.6,returning,
Florida Atlantic,defense,LB3,Zyere Horton,LB,7.7,returning,
Florida Atlantic,defense,DB1,Jay Crable,DB,27.8,transfer,Ohio
Florida Atlantic,defense,DB2,Josh Roberts,DB,16.7,returning,
Florida Atlantic,defense,DB3,Deshaun Batiste,DB,13.8,returning,
Florida Atlantic,defense,DB4,Jayden Sweeney,S,12.85,returning,
Iowa State,offense,QB,Jaylen Raynor,QB,133.09,transfer,Arkansas State
Iowa State,offense,RB,Cameron Pettaway,RB,9.71,transfer,Bowling Green
Iowa State,offense,WR1,Omari Hayes,WR,34.15,transfer,Tulane
Iowa State,offense,WR2,Carter Pabst,WR,5.54,transfer,Washington State
Iowa State,offense,WR3,Dominic Overby,WR,2.1,returning,
Iowa State,offense,TE,Tyler Fortenberry,TE,22.66,transfer,Arkansas State
Iowa State,offense,OL1,,,,,
Iowa State,offense,OL2,,,,,
Iowa State,offense,OL3,,,,,
Iowa State,offense,OL4,,,,,
Iowa State,offense,OL5,,,,,
Iowa State,defense,DL1,Isaac Terrell,DE,32.05,transfer,Washington State
Iowa State,defense,DL2,Malaki Ta'ase,DE,14.2,transfer,Washington State
Iowa State,defense,DL3,Bryson Lamb,DT,13.25,transfer,Washington State
Iowa State,defense,DL4,Jack Janikowski,DE,7.0,transfer,Washington State
Iowa State,defense,LB1,Sullivan Schlimgen,LB,7.65,transfer,Washington State
Iowa State,defense,LB2,Carson Willich,LB,3.8,returning,
Iowa State,defense,LB3,Rylan Barnes,LB,2.5,returning,
Iowa State,defense,DB1,Braden Awls,S,35.05,transfer,Toledo
Iowa State,defense,DB2,Malcolm Jones,S,16.1,transfer,Jacksonville State
Iowa State,defense,DB3,Drew Surges,S,11.85,returning,
Iowa State,defense,DB4,Keyon Washington,CB,11.45,transfer,Bowling Green
Missouri,offense,QB,Austin Simmons,QB,44.67,transfer,Ole Miss
Missouri,offense,RB,Ahmad Hardy,RB,71.03,returning,
Missouri,offense,WR1,Cayden Lee,WR,39.19,transfer,Ole Miss
Missouri,offense,WR2,Donovan Olugbode,WR,21.88,returning,
Missouri,offense,WR3,Caleb Goodie,WR,13.79,transfer,Cincinnati
Missouri,offense,TE,Brett Norfleet,TE,13.78,returning,
Missouri,offense,OL1,,,,,
Missouri,offense,OL2,,,,,
Missouri,offense,OL3,,,,,
Missouri,offense,OL4,,,,,
Missouri,offense,OL5,,,,,
Missouri,defense,DL1,Darris Smith,EDGE,23.5,returning,
Missouri,defense,DL2,Mark Hensley,DT,12.1,transfer,Northern Illinois
Missouri,defense,DL3,Marquis Gracial,DT,5.85,returning,
Missouri,defense,DL4,Jalen Marshall,DT,5.05,returning,
Missouri,defense,LB1,Robert Woodyard Jr.,LB,22.95,transfer,Auburn
Missouri,defense,LB2,Nicholas Rodriguez,LB,22.35,returning,
Missouri,defense,LB3,Dante McClellan,LB,11.45,returning,
Missouri,defense,DB1,Santana Banner,S,14.15,returning,
Missouri,defense,DB2,Kensley Louidor-Faustin,S,13.0,transfer,Auburn
Missouri,defense,DB3,Elijah Dotson,S,4.6,transfer,Michigan
Missouri,defense,DB4,Sione Laulea,CB,3.2,transfer,Oregon
Delaware,offense,QB,Nick Minicucci,QB,177.26,returning,
Delaware,offense,RB,Viron Ellison Jr.,RB,8.9,returning,
Delaware,offense,WR1,Sean Wilson,WR,37.31,returning,
Delaware,offense,WR2,Bryson Graves,WR,13.76,transfer,Coastal Carolina
Delaware,offense,WR3,Donovan Lewis,WR,7.52,returning,
Delaware,offense,TE,Elijah Sessoms,TE,9.34,returning,
Delaware,offense,OL1,,,,,
Delaware,offense,OL2,,,,,
Delaware,offense,OL3,,,,,
Delaware,offense,OL4,,,,,
Delaware,offense,OL5,,,,,
Delaware,defense,DL1,Noah Matthews,DE,19.25,returning,
Delaware,defense,DL2,Dominick Brogna,DT,10.9,returning,
Delaware,defense,DL3,Brandon Gorham,DE,4.95,returning,
Delaware,defense,DL4,Q'Yaeir Price,DE,3.0,returning,
Delaware,defense,LB1,Gavin Moul,LB,31.45,returning,
Delaware,defense,LB2,Blake Matthews,LB,16.4,returning,
Delaware,defense,LB3,Colin Gallagher,LB,5.9,returning,
Delaware,defense,DB1,KT Seay,S,27.6,returning,
Delaware,defense,DB2,Kahlil Ali,S,22.5,returning,
Delaware,defense,DB3,Jamarion Kolagbodi,CB,14.8,returning,
Delaware,defense,DB4,Nasir Eatmon,S,6.4,returning,
Wisconsin,offense,QB,Colton Joseph,QB,188.94,transfer,Old Dominion
Wisconsin,offense,RB,Abu Sama III,RB,5.38,transfer,Iowa State
Wisconsin,offense,WR1,Shamar Rigby,WR,19.48,transfer,Oklahoma State
Wisconsin,offense,WR2,Chris Brooks Jr.,WR,11.18,returning,
Wisconsin,offense,WR3,Eugene Hilton Jr.,WR,5.48,returning,
Wisconsin,offense,TE,Jacob Harris,TE,16.35,transfer,Bowling Green
Wisconsin,offense,OL1,,,,,
Wisconsin,offense,OL2,,,,,
Wisconsin,offense,OL3,,,,,
Wisconsin,offense,OL4,,,,,
Wisconsin,offense,OL5,,,,,
Wisconsin,defense,DL1,Junior Poyser,DL,15.5,transfer,Buffalo
Wisconsin,defense,DL2,DeNigel Cooper,DL,8.05,transfer,App State
Wisconsin,defense,DL3,Hammond Russell IV,DL,7.05,transfer,West Virginia
Wisconsin,defense,DL4,Charles Perkins,DL,3.6,returning,
Wisconsin,defense,LB1,Mason Posa,LB,21.7,returning,
Wisconsin,defense,LB2,Cooper Catalano,LB,15.85,returning,
Wisconsin,defense,LB3,Sebastian Cheeks,LB,14.65,returning,
Wisconsin,defense,DB1,Javan Robinson,CB,17.95,transfer,Arizona State
Wisconsin,defense,DB2,Marvin Burks Jr.,S,17.4,transfer,Missouri
Wisconsin,defense,DB3,Matthew Jung,S,6.4,returning,
Wisconsin,defense,DB4,Eric Fletcher,CB,5.95,transfer,Oklahoma State
Boise State,offense,QB,Maddux Madsen,QB,111.36,returning,
Boise State,offense,RB,Dylan Riley,RB,28.08,returning,
Boise State,offense,WR1,Ben Ford,WR,37.42,returning,
Boise State,offense,WR2,Cameron Bates,WR,15.0,returning,
Boise State,offense,WR3,Quinton Brown,WR,8.97,returning,
Boise State,offense,TE,Matt Wagner,TE,12.29,returning,
Boise State,offense,OL1,,,,,
Boise State,offense,OL2,,,,,
Boise State,offense,OL3,,,,,
Boise State,offense,OL4,,,,,
Boise State,offense,OL5,,,,,
Boise State,defense,DL1,David Latu,DL,6.4,returning,
Boise State,defense,DL2,Lopez Sanusi,DL,3.8,returning,
Boise State,defense,DL3,Michael Madrie,DL,3.45,returning,
Boise State,defense,DL4,,,,,
Boise State,defense,LB1,Boen Phelps,LB,25.1,returning,
Boise State,defense,LB2,Max Stege,LB,16.2,returning,
Boise State,defense,LB3,Jake Ripp,LB,10.3,returning,
Boise State,defense,DB1,Jaden Mickey,DB,22.05,returning,
Boise State,defense,DB2,JeRico Washington Jr.,DB,20.8,transfer,Kennesaw State
Boise State,defense,DB3,Sherrod Smith,DB,12.65,returning,
Boise State,defense,DB4,Derek Ganter Jr.,DB,3.45,returning,
West Virginia,offense,QB,Scotty Fox Jr.,QB,37.85,returning,
West Virginia,offense,RB,Cam Cook,RB,68.99,transfer,Jacksonville State
West Virginia,offense,WR1,John Neider,WR,32.13,transfer,UConn
West Virginia,offense,WR2,DJ Epps,WR,17.45,transfer,Troy
West Virginia,offense,WR3,Jaden Bray,WR,6.74,returning,
West Virginia,offense,TE,Josh Sapp,TE,9.24,transfer,Clemson
West Virginia,offense,OL1,,,,,
West Virginia,offense,OL2,,,,,
West Virginia,offense,OL3,,,,,
West Virginia,offense,OL4,,,,,
West Virginia,offense,OL5,,,,,
West Virginia,defense,DL1,Ezekiel Durham-Campbell,DL,26.0,transfer,Coastal Carolina
West Virginia,defense,DL2,Harper Holloman,EDGE,25.15,transfer,Western Kentucky
West Virginia,defense,DL3,David Afogho,EDGE,16.45,transfer,Bowling Green
West Virginia,defense,DL4,Nate Gabriel,DL,4.05,returning,
West Virginia,defense,LB1,Ben Cutter,LB,17.8,returning,
West Virginia,defense,LB2,Tyler Stolsky,LB,15.6,transfer,Florida Atlantic
West Virginia,defense,LB3,Isaiah Patterson,LB,9.35,transfer,UNLV
West Virginia,defense,DB1,Kamari Wilson,S,30.05,transfer,Memphis
West Virginia,defense,DB2,Andrew Powdrell,S,15.8,transfer,UNLV
West Virginia,defense,DB3,Chams Diagne,CB,9.75,transfer,Georgia State
West Virginia,defense,DB4,Nick Taylor,CB,5.0,returning,
New Mexico,offense,QB,Jack Layne,QB,92.02,returning,
New Mexico,offense,RB,Scottre Humphrey,RB,18.85,returning,
New Mexico,offense,WR1,Troy Omeire,WR,31.48,transfer,UNLV
New Mexico,offense,WR2,Shawn Miller,WR,9.77,returning,
New Mexico,offense,WR3,Zhaiel Smith,WR,2.28,returning,
New Mexico,offense,TE,Cade Keith,TE,15.62,returning,
New Mexico,offense,OL1,,,,,
New Mexico,offense,OL2,,,,,
New Mexico,offense,OL3,,,,,
New Mexico,offense,OL4,,,,,
New Mexico,offense,OL5,,,,,
New Mexico,defense,DL1,Darren Agu,DE,12.5,returning,
New Mexico,defense,DL2,Xavier Slayton,DT,11.5,returning,
New Mexico,defense,DL3,Brian Booker,DT,10.15,returning,
New Mexico,defense,DL4,Jalen McIver,DT,8.0,returning,
New Mexico,defense,LB1,Jaxton Eck,LB,28.05,returning,
New Mexico,defense,LB2,Mercury Swaim,LB,19.95,returning,
New Mexico,defense,LB3,Clay Martineau,LB,0.85,transfer,Boise State
New Mexico,defense,DB1,Austin Brawley,S,20.0,returning,
New Mexico,defense,DB2,Tavian Combs,S,15.2,returning,
New Mexico,defense,DB3,Eric McClain,CB,12.6,transfer,Ball State
New Mexico,defense,DB4,Drew Speech,S,11.0,returning,
UCF,offense,QB,Keyone Jenkins,QB,44.4,transfer,Florida International
UCF,offense,RB,Agyeman Addae,RB,6.12,returning,
UCF,offense,WR1,Jonathan Bibbs,WR,29.47,transfer,UL Monroe
UCF,offense,WR2,Duane Thomas Jr.,WR,20.24,returning,
UCF,offense,WR3,Waden Charles,WR,15.68,returning,
UCF,offense,TE,Dylan Wade,TE,27.97,returning,
UCF,offense,OL1,,,,,
UCF,offense,OL2,,,,,
UCF,offense,OL3,,,,,
UCF,offense,OL4,,,,,
UCF,offense,OL5,,,,,
UCF,defense,DL1,Bruno Dall,EDGE,33.4,transfer,Akron
UCF,defense,DL2,Thomas Collins,DT,15.75,transfer,Oregon State
UCF,defense,DL3,Dean Miller,DE,11.9,transfer,Kansas
UCF,defense,DL4,Isaiah Nixon,EDGE,10.15,returning,
UCF,defense,LB1,Jahleel Culbreath,LB,25.85,transfer,Old Dominion
UCF,defense,LB2,Lewis Carter,LB,19.25,returning,
UCF,defense,LB3,Rashad Henry,LB,10.1,transfer,Massachusetts
UCF,defense,DB1,Demari Henderson,DB,15.85,returning,
UCF,defense,DB2,Jayden Bellamy,DB,15.7,returning,
UCF,defense,DB3,Braeden Marshall,DB,12.45,returning,
UCF,defense,DB4,DJ Bell,DB,6.7,returning,
Jacksonville State,offense,QB,Caden Creel,QB,93.08,returning,
Jacksonville State,offense,RB,Andrew Paul,RB,8.58,returning,
Jacksonville State,offense,WR1,Deondre Johnson,WR,51.2,returning,
Jacksonville State,offense,WR2,Ronnel Johnson,WR,17.19,transfer,Missouri State
Jacksonville State,offense,WR3,Franklin Baret Jr.,WR,4.97,returning,
Jacksonville State,offense,TE,Shane Payton Hodges,TE,3.41,returning,
Jacksonville State,offense,OL1,,,,,
Jacksonville State,offense,OL2,,,,,
Jacksonville State,offense,OL3,,,,,
Jacksonville State,offense,OL4,,,,,
Jacksonville State,offense,OL5,,,,,
Jacksonville State,defense,DL1,Khurtiss Perry,DL,12.0,returning,
Jacksonville State,defense,DL2,Jawaun Campbell,DL,4.85,returning,
Jacksonville State,defense,DL3,Quay Hood,DL,3.7,returning,
Jacksonville State,defense,DL4,Tae Floyd,DL,3.2,returning,
Jacksonville State,defense,LB1,Walker O'Steen,LB,32.55,returning,
Jacksonville State,defense,LB2,Mac Sanders,LB,32.05,returning,
Jacksonville State,defense,LB3,Jacob Cruz,LB,7.15,returning,
Jacksonville State,defense,DB1,Caleb Nix,S,37.05,returning,
Jacksonville State,defense,DB2,Tre'Quon Fegans,CB,20.1,returning,
Jacksonville State,defense,DB3,Marc Woods,S,10.1,returning,
Jacksonville State,defense,DB4,Jaheim Jenkins,CB,8.35,returning,
TCU,offense,QB,,,,,
TCU,offense,RB,Jeremy Payne,RB,33.76,returning,
TCU,offense,WR1,Jordan Dwyer,WR,47.41,returning,
TCU,offense,WR2,Jeremy Scott,WR,20.4,transfer,South Alabama
TCU,offense,WR3,Ed Small,WR,14.32,returning,
TCU,offense,TE,Lafayette Kaiuway,TE,6.16,returning,
TCU,offense,OL1,,,,,
TCU,offense,OL2,,,,,
TCU,offense,OL3,,,,,
TCU,offense,OL4,,,,,
TCU,offense,OL5,,,,,
TCU,defense,DL1,Ansel Din-Mbuh,DT,15.15,returning,
TCU,defense,DL2,Markis Deal,DT,9.1,returning,
TCU,defense,DL3,Tristan Johnson,DT,5.95,returning,
TCU,defense,DL4,Perry Cole Jr.,DT,0.9,returning,
TCU,defense,LB1,Koron Hayward,LB,20.9,transfer,Western Kentucky
TCU,defense,LB2,Paul Oyewale,LB,17.35,returning,
TCU,defense,LB3,Max Carroll,LB,11.65,returning,
TCU,defense,DB1,Jacob Fields,S,40.5,transfer,Louisiana Tech
TCU,defense,DB2,Jamel Johnson,S,32.85,returning,
TCU,defense,DB3,Kalen Carroll,CB,18.65,transfer,Central Michigan
TCU,defense,DB4,Kylin Jackson,S,14.1,returning,
Eastern Michigan,offense,QB,Noah Kim,QB,133.15,returning,
Eastern Michigan,offense,RB,Joey Mattord,RB,8.78,returning,
Eastern Michigan,offense,WR1,Nick Devereaux,WR,32.04,returning,
Eastern Michigan,offense,WR2,Harold Mack,WR,24.92,returning,
Eastern Michigan,offense,WR3,Mekhi Fox,WR,3.36,returning,
Eastern Michigan,offense,TE,Joshua Long,TE,22.12,returning,
Eastern Michigan,offense,OL1,,,,,
Eastern Michigan,offense,OL2,,,,,
Eastern Michigan,offense,OL3,,,,,
Eastern Michigan,offense,OL4,,,,,
Eastern Michigan,offense,OL5,,,,,
Eastern Michigan,defense,DL1,Quincy Byas,DL,15.95,returning,
Eastern Michigan,defense,DL2,Carter Evans,DL,13.2,returning,
Eastern Michigan,defense,DL3,Ronn Hardin,DL,6.85,returning,
Eastern Michigan,defense,DL4,Warren-Stevens Tayou,DL,6.7,returning,
Eastern Michigan,defense,LB1,Barry Manning,LB,24.25,returning,
Eastern Michigan,defense,LB2,Zach Mowchan,LB,7.5,returning,
Eastern Michigan,defense,LB3,Bryce Eliuk,LB,2.95,returning,
Eastern Michigan,defense,DB1,Bryce Llewellyn,DB,29.8,returning,
Eastern Michigan,defense,DB2,Juan Salas,DB,7.65,returning,
Eastern Michigan,defense,DB3,Jason Marshall,DB,6.85,returning,
Eastern Michigan,defense,DB4,Caleb Dobbs,DB,6.8,returning,
Tulsa,offense,QB,Baylor Hayes,QB,42.74,returning,
Tulsa,offense,RB,Trequan Jones,RB,25.98,transfer,Old Dominion
Tulsa,offense,WR1,David Wells Jr.,WR,21.92,transfer,Oregon State
Tulsa,offense,WR2,Micah Tease,WR,17.04,returning,
Tulsa,offense,WR3,Grayson Tempest,WR,11.59,returning,
Tulsa,offense,TE,Jewlyen Roberts,TE,3.19,returning,
Tulsa,offense,OL1,,,,,
Tulsa,offense,OL2,,,,,
Tulsa,offense,OL3,,,,,
Tulsa,offense,OL4,,,,,
Tulsa,offense,OL5,,,,,
Tulsa,defense,DL1,Thomas Davis,DL,14.75,transfer,App State
Tulsa,defense,DL2,Hudson Ball,DL,8.85,returning,
Tulsa,defense,DL3,Tai Newhouse,DL,7.15,returning,
Tulsa,defense,DL4,Kyran Duhon,DL,5.1,transfer,Oklahoma State
Tulsa,defense,LB1,Devin Hightower,LB,17.6,transfer,UAB
Tulsa,defense,LB2,William Alexander,LB,7.85,returning,
Tulsa,defense,LB3,Dax Collins,LB,3.5,returning,
Tulsa,defense,DB1,Elijah Green,CB,32.65,returning,
Tulsa,defense,DB2,Devin Robinson,DB,19.5,returning,
Tulsa,defense,DB3,Zach Williams,S,17.55,returning,
Tulsa,defense,DB4,Caldra Williford,CB,8.1,transfer,Baylor
Purdue,offense,QB,Ryan Browne,QB,83.81,returning,
Purdue,offense,RB,Antonio Harris,RB,9.53,returning,
Purdue,offense,WR1,Asaad Waseem,WR,39.62,transfer,Florida Atlantic
Purdue,offense,WR2,Xavier Townsend,WR,14.8,transfer,Iowa State
Purdue,offense,WR3,Jaylan Hornsby,WR,6.38,transfer,Syracuse
Purdue,offense,TE,George Burhenn,TE,6.56,returning,
Purdue,offense,OL1,,,,,
Purdue,offense,OL2,,,,,
Purdue,offense,OL3,,,,,
Purdue,offense,OL4,,,,,
Purdue,offense,OL5,,,,,
Purdue,defense,DL1,Rodney Lora,DL,12.6,transfer,UCF
Purdue,defense,DL2,Ian Jeffries,DL,8.5,returning,
Purdue,defense,DL3,C.J. Madden,DE,6.15,returning,
Purdue,defense,DL4,Breeon Ishmail,DE,6.0,returning,
Purdue,defense,LB1,Charles Correa,LB,26.45,returning,
Purdue,defense,LB2,Jojo Hayden,LB,5.25,transfer,Illinois
Purdue,defense,LB3,Hudson Miller,LB,3.4,transfer,Toledo
Purdue,defense,DB1,Mister Clark,DB,40.7,transfer,Florida International
Purdue,defense,DB2,Smiley Bradford,DB,22.0,returning,
Purdue,defense,DB3,Hudauri Hines,DB,18.45,returning,
Purdue,defense,DB4,Jaden Mangham,DB,9.0,transfer,Michigan
Hawai'i,offense,QB,Micah Alejado,QB,169.8,returning,
Hawai'i,offense,RB,Cam Barfield,RB,14.48,returning,
Hawai'i,offense,WR1,Pofele Ashlock,WR,62.21,returning,
Hawai'i,offense,WR2,Tama Uiliata,WR,20.84,returning,
Hawai'i,offense,WR3,Blaze Kamoku,WR,6.21,returning,
Hawai'i,offense,TE,Devon Tauaefa,TE,2.38,returning,
Hawai'i,offense,OL1,,,,,
Hawai'i,offense,OL2,,,,,
Hawai'i,offense,OL3,,,,,
Hawai'i,offense,OL4,,,,,
Hawai'i,offense,OL5,,,,,
Hawai'i,defense,DL1,Lesterlaisene Lagafuaina,DL,19.95,returning,
Hawai'i,defense,DL2,Luther McCoy,DL,9.05,returning,
Hawai'i,defense,DL3,Noah Wily,DL,2.6,returning,
Hawai'i,defense,DL4,Josh Sagapolutele,DL,1.7,returning,
Hawai'i,defense,LB1,Jamih Otis,LB,17.15,returning,
Hawai'i,defense,LB2,Wynden Ho'Ohuli,LB,7.15,returning,
Hawai'i,defense,LB3,Alika Cavaco-Amoy,LB,0.6,returning,
Hawai'i,defense,DB1,Elijah Palmer,DB,36.35,returning,
Hawai'i,defense,DB2,Matagi Thompson,DB,8.35,returning,
Hawai'i,defense,DB3,Caleb Brown,DB,1.45,transfer,Virginia Tech
Hawai'i,defense,DB4,Makana Meyer,DB,1.0,returning,
Wake Forest,offense,QB,Steele Pizzella,QB,-2.51,returning,
Wake Forest,offense,RB,Ty Clark III,RB,6.35,returning,
Wake Forest,offense,WR1,Carlos Hernandez,WR,30.59,returning,
Wake Forest,offense,WR2,Wondame Davis Jr.,WR,18.73,transfer,UTEP
Wake Forest,offense,WR3,Antonio Meeks,WR,10.27,transfer,Louisville
Wake Forest,offense,TE,Kamrean Johnson,TE,4.68,returning,
Wake Forest,offense,OL1,,,,,
Wake Forest,offense,OL2,,,,,
Wake Forest,offense,OL3,,,,,
Wake Forest,offense,OL4,,,,,
Wake Forest,offense,OL5,,,,,
Wake Forest,defense,DL1,Langston Hardy,DL,39.25,returning,
Wake Forest,defense,DL2,Gabe Kirschke,DL,24.2,returning,
Wake Forest,defense,DL3,Dallas Afalava,DL,24.05,returning,
Wake Forest,defense,DL4,Zach Lohavichan,DL,16.75,returning,
Wake Forest,defense,LB1,Aiden Hall,LB,24.05,returning,
Wake Forest,defense,LB2,Frank Cusano,LB,9.5,returning,
Wake Forest,defense,LB3,Tylan McNichols,LB,8.65,transfer,UAB
Wake Forest,defense,DB1,Davaughn Patterson,DB,27.25,returning,
Wake Forest,defense,DB2,Bernard Causey III,DB,13.4,transfer,Georgia State
Wake Forest,defense,DB3,Braylon Johnson,DB,10.55,returning,
Wake Forest,defense,DB4,Zamari Stevenson,DB,5.8,returning,
Marshall,offense,QB,Carlos Del Rio-Wilson,QB,114.28,returning,
Marshall,offense,RB,Joshon Barbie,RB,6.3,returning,
Marshall,offense,WR1,Adrian Norton,WR,28.02,returning,
Marshall,offense,WR2,De'Andre Tamarez,WR,25.1,returning,
Marshall,offense,WR3,Xayvion Turner-Bradshaw,WR,2.03,returning,
Marshall,offense,TE,Toby Payne,TE,19.57,returning,
Marshall,offense,OL1,,,,,
Marshall,offense,OL2,,,,,
Marshall,offense,OL3,,,,,
Marshall,offense,OL4,,,,,
Marshall,offense,OL5,,,,,
Marshall,defense,DL1,Braydin Ward,DL,19.8,returning,
Marshall,defense,DL2,Mikailin Warren,DL,0.7,returning,
Marshall,defense,DL3,Kelvon McBride,EDGE,0.5,transfer,NC State
Marshall,defense,DL4,Cam Chmura,DL,0.4,returning,
Marshall,defense,LB1,Javae Gilmore,LB,27.85,returning,
Marshall,defense,LB2,Chason Clark,LB,4.1,returning,
Marshall,defense,LB3,Cannon Lewis,LB,3.75,returning,
Marshall,defense,DB1,Boogie Trotter,CB,46.3,returning,
Marshall,defense,DB2,Daytione Smith,S,21.25,returning,
Marshall,defense,DB3,Caleb Clark-Glover,DB,11.85,returning,
Marshall,defense,DB4,Charles McCartherens,DB,5.9,transfer,Buffalo
Mississippi State,offense,QB,Kamario Taylor,QB,64.26,returning,
Mississippi State,offense,RB,Fluff Bothwell,RB,18.39,returning,
Mississippi State,offense,WR1,Anthony Evans III,WR,37.28,returning,
Mississippi State,offense,WR2,Marquis Johnson,WR,13.03,transfer,Missouri
Mississippi State,offense,WR3,Ayden Williams,WR,7.46,returning,
Mississippi State,offense,TE,Sam West,TE,6.9,returning,
Mississippi State,offense,OL1,,,,,
Mississippi State,offense,OL2,,,,,
Mississippi State,offense,OL3,,,,,
Mississippi State,offense,OL4,,,,,
Mississippi State,offense,OL5,,,,,
Mississippi State,defense,DL1,Jaray Bledsoe,DL,13.55,returning,
Mississippi State,defense,DL2,Will Whitson,DL,9.55,returning,
Mississippi State,defense,DL3,Kalvin Dinkins,DL,9.2,returning,
Mississippi State,defense,DL4,Trevion Williams,DL,7.5,returning,
Mississippi State,defense,LB1,Zakari Tillman,LB,15.45,returning,
Mississippi State,defense,LB2,Jalen Smith,LB,10.2,returning,
Mississippi State,defense,LB3,Derion Gullette,LB,9.8,returning,
Mississippi State,defense,DB1,Kelley Jones,CB,23.15,returning,
Mississippi State,defense,DB2,Marcus Williams,S,18.1,transfer,Rice
Mississippi State,defense,DB3,Isaac Smith,S,15.65,returning,
Mississippi State,defense,DB4,Quentin Taylor Jr.,CB,11.95,transfer,Iowa State
Air Force,offense,QB,Liam Szarka,QB,125.45,returning,
Air Force,offense,RB,Owen Allen,RB,20.89,returning,
Air Force,offense,WR1,Jonah Dawson,WR,16.66,returning,
Air Force,offense,WR2,Matt Long,WR,0.44,returning,
Air Force,offense,WR3,Adam Hrynciw,WR,-2.88,returning,
Air Force,offense,TE,,,,,
Air Force,offense,OL1,,,,,
Air Force,offense,OL2,,,,,
Air Force,offense,OL3,,,,,
Air Force,offense,OL4,,,,,
Air Force,offense,OL5,,,,,
Air Force,defense,DL1,Lukia Rawls Jr.,DL,4.9,returning,
Air Force,defense,DL2,Grady Forsythe,DE,3.95,returning,
Air Force,defense,DL3,Andrew Tillett,DL,2.6,returning,
Air Force,defense,DL4,Jayden Oquendo,DL,0.1,returning,
Air Force,defense,LB1,Isaac Hubert,LB,29.25,returning,
Air Force,defense,LB2,Blake Fletcher,LB,17.3,returning,
Air Force,defense,LB3,Dallas Daley,LB,10.25,returning,
Air Force,defense,DB1,Max Mustell,DB,20.65,returning,
Air Force,defense,DB2,Roger Jones Jr.,DB,14.85,returning,
Air Force,defense,DB3,Korey Johnson,DB,11.4,returning,
Air Force,defense,DB4,Mikhail Seiken,DB,4.8,returning,
Florida International,offense,QB,JJ Kohl,QB,80.53,transfer,App State
Florida International,offense,RB,Anthony Carrie,RB,16.17,returning,
Florida International,offense,WR1,JoJo Stone,WR,16.98,returning,
Florida International,offense,WR2,Maguire Anderson,WR,13.71,returning,
Florida International,offense,WR3,Kyle Mcneal,WR,10.74,returning,
Florida International,offense,TE,Jackson Verdugo,TE,5.75,returning,
Florida International,offense,OL1,,,,,
Florida International,offense,OL2,,,,,
Florida International,offense,OL3,,,,,
Florida International,offense,OL4,,,,,
Florida International,offense,OL5,,,,,
Florida International,defense,DL1,Kenton Simmons,DE,29.5,returning,
Florida International,defense,DL2,Dante Anderson,DL,12.9,returning,
Florida International,defense,DL3,Germaine Carter,DT,8.8,returning,
Florida International,defense,DL4,RJ Moss Jr.,DL,6.65,transfer,South Alabama
Florida International,defense,LB1,Josiah Taylor,LB,21.35,returning,
Florida International,defense,LB2,Brayshawn Littlejohn,LB,16.95,transfer,App State
Florida International,defense,LB3,Percy Courtney Jr.,LB,15.8,returning,
Florida International,defense,DB1,Shamir Sterlin,DB,21.45,returning,
Florida International,defense,DB2,Wesley Miller,DB,11.8,transfer,South Alabama
Florida International,defense,DB3,Jai-Ayviauynn Celestine,DB,9.95,returning,
Florida International,defense,DB4,Lawrence Johnson,DB,7.9,transfer,Florida Atlantic
Georgia Tech,offense,QB,Alberto Mendoza,QB,37.73,transfer,Indiana
Georgia Tech,offense,RB,Justice Haynes,RB,42.89,transfer,Michigan
Georgia Tech,offense,WR1,Jordan Allen,WR,22.1,returning,
Georgia Tech,offense,WR2,Jaiven Plummer,WR,-0.41,transfer,California
Georgia Tech,offense,WR3,,,,,
Georgia Tech,offense,TE,Gavin Harris,TE,22.31,transfer,New Mexico State
Georgia Tech,offense,OL1,,,,,
Georgia Tech,offense,OL2,,,,,
Georgia Tech,offense,OL3,,,,,
Georgia Tech,offense,OL4,,,,,
Georgia Tech,offense,OL5,,,,,
Georgia Tech,defense,DL1,Amontrae Bradford,DE,15.4,returning,
Georgia Tech,defense,DL2,Brayden Manley,DE,12.95,returning,
Georgia Tech,defense,DL3,Taje McCoy,DE,11.1,transfer,Oklahoma State
Georgia Tech,defense,DL4,Jordan Walker,DE,8.75,transfer,Rutgers
Georgia Tech,defense,LB1,Kyle Efford,LB,15.2,returning,
Georgia Tech,defense,LB2,Cayman Spaulding,LB,12.35,returning,
Georgia Tech,defense,LB3,E.J. Lightsey,LB,10.85,returning,
Georgia Tech,defense,DB1,Jonas Duclona,CB,17.0,transfer,South Florida
Georgia Tech,defense,DB2,Kelvin Hill,CB,8.35,returning,
Georgia Tech,defense,DB3,Daiquan White,CB,7.1,returning,
Georgia Tech,defense,DB4,Zachary Tobe,CB,5.5,returning,
Rutgers,offense,QB,Dylan Lonergan,QB,66.36,transfer,Boston College
Rutgers,offense,RB,Antwan Raymond,RB,49.58,returning,
Rutgers,offense,WR1,KJ Duff,WR,87.62,returning,
Rutgers,offense,WR2,Ben Black,WR,6.24,returning,
Rutgers,offense,WR3,Michael Thomas III,WR,4.76,returning,
Rutgers,offense,TE,Kameron Anthony,TE,11.05,transfer,Ball State
Rutgers,offense,OL1,,,,,
Rutgers,offense,OL2,,,,,
Rutgers,offense,OL3,,,,,
Rutgers,offense,OL4,,,,,
Rutgers,offense,OL5,,,,,
Rutgers,defense,DL1,Malachi Davis,DL,28.5,transfer,Toledo
Rutgers,defense,DL2,J'Dan Burnett,DL,25.3,transfer,Tulsa
Rutgers,defense,DL3,Farell Gnago,DL,7.95,returning,
Rutgers,defense,DL4,Keshon Griffin,DL,5.2,returning,
Rutgers,defense,LB1,Abram Wright,LB,9.05,returning,
Rutgers,defense,LB2,Moses Walker,LB,6.45,returning,
Rutgers,defense,LB3,DJ McClary,LB,2.1,returning,
Rutgers,defense,DB1,Kaj Sanders,DB,10.65,returning,
Rutgers,defense,DB2,Kevyn Humes,DB,3.6,transfer,Maryland
Rutgers,defense,DB3,Chris Joines,DB,0.6,returning,
Rutgers,defense,DB4,Kevin Levy,DB,0.5,returning,
Cincinnati,offense,QB,Samaj Jones,QB,11.58,returning,
Cincinnati,offense,RB,Zylan Perry,RB,13.13,transfer,Louisiana
Cincinnati,offense,WR1,Cade Wolford,WR,30.01,transfer,Kent State
Cincinnati,offense,WR2,Isaiah Johnson,WR,17.2,returning,
Cincinnati,offense,WR3,JaVonnie Gibson,WR,15.94,transfer,Oklahoma
Cincinnati,offense,TE,Gavin Grover,TE,3.59,returning,
Cincinnati,offense,OL1,,,,,
Cincinnati,offense,OL2,,,,,
Cincinnati,offense,OL3,,,,,
Cincinnati,offense,OL4,,,,,
Cincinnati,offense,OL5,,,,,
Cincinnati,defense,DL1,Chidera Otutu,DL,9.05,transfer,UTSA
Cincinnati,defense,DL2,Marquaze Parker,DL,8.3,returning,
Cincinnati,defense,DL3,Jaylon White-McClain,DL,2.9,returning,
Cincinnati,defense,DL4,Kamron Neal,DL,0.5,returning,
Cincinnati,defense,LB1,Jonathan Thompson,LB,21.45,returning,
Cincinnati,defense,LB2,Filip Maciorowski,LB,20.85,transfer,Northern Illinois
Cincinnati,defense,LB3,Simeon Coleman,LB,9.9,returning,
Cincinnati,defense,DB1,D'Angelo Hutchinson,DB,22.4,transfer,Louisville
Cincinnati,defense,DB2,Ty Goodwill,S,22.0,transfer,South Alabama
Cincinnati,defense,DB3,Jasper Beeler,S,20.9,transfer,Northern Illinois
Cincinnati,defense,DB4,Jacob Finley,DB,15.2,transfer,Northern Illinois
Alabama,offense,QB,Austin Mack,QB,14.27,returning,
Alabama,offense,RB,AK Dear,RB,10.99,returning,
Alabama,offense,WR1,Noah Rogers,WR,31.04,transfer,NC State
Alabama,offense,WR2,Lotzeir Brooks,WR,21.36,returning,
Alabama,offense,WR3,Rico Scott,WR,6.88,returning,
Alabama,offense,TE,Kaleb Edwards,TE,10.24,returning,
Alabama,offense,OL1,,,,,
Alabama,offense,OL2,,,,,
Alabama,offense,OL3,,,,,
Alabama,offense,OL4,,,,,
Alabama,offense,OL5,,,,,
Alabama,defense,DL1,Devan Thompkins,DL,18.75,transfer,USC
Alabama,defense,DL2,Edric Hill,DL,7.0,returning,
Alabama,defense,DL3,London Simmons,DL,5.95,returning,
Alabama,defense,DL4,Kedrick Bingley-Jones,DL,5.0,transfer,Mississippi State
Alabama,defense,LB1,Yhonzae Pierre,LB,40.2,returning,
Alabama,defense,LB2,Caleb Woodson,LB,11.2,transfer,Virginia Tech
Alabama,defense,LB3,Desmond Umeozulu,LB,7.4,transfer,South Carolina
Alabama,defense,DB1,Zabien Brown,DB,33.15,returning,
Alabama,defense,DB2,Dijon Lee Jr.,DB,22.2,returning,
Alabama,defense,DB3,Keon Sabb,DB,18.2,returning,
Alabama,defense,DB4,Dre Kirkpatrick Jr.,DB,3.55,returning,
Fresno State,offense,QB,Khristian Martin,QB,0.69,transfer,Maryland
Fresno State,offense,RB,Rayshon Luke,RB,31.01,returning,
Fresno State,offense,WR1,Josiah Freeman,WR,45.32,returning,
Fresno State,offense,WR2,Ezekiel Avit,WR,13.95,returning,
Fresno State,offense,WR3,Jahlil McClain,WR,9.27,returning,
Fresno State,offense,TE,Jake Appleget,TE,1.92,transfer,Northern Illinois
Fresno State,offense,OL1,,,,,
Fresno State,offense,OL2,,,,,
Fresno State,offense,OL3,,,,,
Fresno State,offense,OL4,,,,,
Fresno State,offense,OL5,,,,,
Fresno State,defense,DL1,Jahzon Jacks,DL,18.7,returning,
Fresno State,defense,DL2,Deijon Laffitte,DL,18.7,returning,
Fresno State,defense,DL3,Merhauti Xepera,DL,13.9,returning,
Fresno State,defense,DL4,Martin Owusu,DL,6.95,returning,
Fresno State,defense,LB1,K'Vion Thunderbird,LB,21.7,returning,
Fresno State,defense,LB2,Tytus Khajavi,LB,12.7,returning,
Fresno State,defense,LB3,Logan Studt,LB,3.2,returning,
Fresno State,defense,DB1,Simeon Harris,DB,37.3,returning,
Fresno State,defense,DB2,Ryan Wilson,DB,14.5,returning,
Fresno State,defense,DB3,Ethan Tierney,DB,7.5,returning,
Fresno State,defense,DB4,Jaden Carrillo,DB,3.8,returning,
East Carolina,offense,QB,Mitch Griffis,QB,26.16,transfer,Texas Tech
East Carolina,offense,RB,Ashton Gray,RB,18.07,transfer,North Texas
East Carolina,offense,WR1,Brock Spalding,WR,30.26,returning,
East Carolina,offense,WR2,Landon Sides,WR,26.19,transfer,North Texas
East Carolina,offense,WR3,Kyler Pearson,WR,3.61,returning,
East Carolina,offense,TE,Kanen Hamlett,TE,3.74,transfer,App State
East Carolina,offense,OL1,,,,,
East Carolina,offense,OL2,,,,,
East Carolina,offense,OL3,,,,,
East Carolina,offense,OL4,,,,,
East Carolina,offense,OL5,,,,,
East Carolina,defense,DL1,Jasiyah Robinson,DL,18.85,returning,
East Carolina,defense,DL2,Kendrick DuJour,DL,13.85,returning,
East Carolina,defense,DL3,Preston Carr,DL,13.6,returning,
East Carolina,defense,DL4,Rion Roseborough,DL,13.6,returning,
East Carolina,defense,LB1,DJ Johnson Jr.,LB,15.0,returning,
East Carolina,defense,LB2,Crews Law,LB,10.3,transfer,Memphis
East Carolina,defense,LB3,Julien Davis,LB,8.55,returning,
East Carolina,defense,DB1,Zyeir Gamble,DB,23.45,transfer,App State
East Carolina,defense,DB2,Ashton Levells,DB,7.85,transfer,Florida International
East Carolina,defense,DB3,Ayden Duncanson,DB,6.05,returning,
East Carolina,defense,DB4,Kamaurri McKinley,DB,5.15,returning,
Louisiana Tech,offense,QB,Blake Baker,QB,69.8,returning,
Louisiana Tech,offense,RB,,,,,
Louisiana Tech,offense,WR1,Jalen Mickens,WR,7.52,returning,
Louisiana Tech,offense,WR2,Luke Watkins,WR,4.62,returning,
Louisiana Tech,offense,WR3,David Pierro,WR,3.14,returning,
Louisiana Tech,offense,TE,Eli Finley,TE,27.61,returning,
Louisiana Tech,offense,OL1,,,,,
Louisiana Tech,offense,OL2,,,,,
Louisiana Tech,offense,OL3,,,,,
Louisiana Tech,offense,OL4,,,,,
Louisiana Tech,offense,OL5,,,,,
Louisiana Tech,defense,DL1,Donovan Rieman,DL,14.15,returning,
Louisiana Tech,defense,DL2,Jacob Bradford,DL,3.5,returning,
Louisiana Tech,defense,DL3,Jojo Odom,DL,2.05,returning,
Louisiana Tech,defense,DL4,Judd Rouyea,DL,0.95,returning,
Louisiana Tech,defense,LB1,Jadon Mayfield,LB,26.85,returning,
Louisiana Tech,defense,LB2,Alonzo Jackson Jr.,LB,24.15,returning,
Louisiana Tech,defense,LB3,Kolbe Fields,LB,21.65,returning,
Louisiana Tech,defense,DB1,Kam Franklin,DB,11.35,returning,
Louisiana Tech,defense,DB2,Kameron Carter,DB,9.5,returning,
Louisiana Tech,defense,DB3,Jordan McRae,DB,9.45,returning,
Louisiana Tech,defense,DB4,Amari Butler,DB,7.0,returning,
Memphis,offense,QB,Air Noland,QB,0.29,transfer,South Carolina
Memphis,offense,RB,Manny Covey,RB,15.9,transfer,Cincinnati
Memphis,offense,WR1,Brady Kluse,WR,21.31,returning,
Memphis,offense,WR2,Tychaun Chapman,WR,20.85,transfer,Southern Miss
Memphis,offense,WR3,Terrell Timmons Jr.,WR,6.53,transfer,Colorado
Memphis,offense,TE,Hunter Tipton,TE,20.14,transfer,Middle Tennessee
Memphis,offense,OL1,,,,,
Memphis,offense,OL2,,,,,
Memphis,offense,OL3,,,,,
Memphis,offense,OL4,,,,,
Memphis,offense,OL5,,,,,
Memphis,defense,DL1,J'Mond Tapp,DL,39.9,transfer,Southern Miss
Memphis,defense,DL2,Jabari Ishmael,DL,9.1,transfer,Southern Miss
Memphis,defense,DL3,Taylor Burton,DL,7.35,returning,
Memphis,defense,DL4,Jaden McKinney,DL,6.7,transfer,Southern Miss
Memphis,defense,LB1,Michael Montgomery,LB,31.1,transfer,Southern Miss
Memphis,defense,LB2,Zach Ruffin,LB,3.4,transfer,Southern Miss
Memphis,defense,LB3,Donovan Mathena,LB,2.15,returning,
Memphis,defense,DB1,Ian Foster,S,44.6,transfer,Southern Miss
Memphis,defense,DB2,Ahmere Foster,S,17.45,transfer,Southern Miss
Memphis,defense,DB3,Dylan King,S,3.95,transfer,Southern Miss
Memphis,defense,DB4,Dylan Smith,S,3.65,transfer,Oklahoma State
San Diego State,offense,QB,Jayden Denegal,QB,19.37,returning,
San Diego State,offense,RB,Lucky Sutton,RB,56.41,returning,
San Diego State,offense,WR1,Jordan Napier,WR,30.3,returning,
San Diego State,offense,WR2,Jacob Bostick,WR,17.1,returning,
San Diego State,offense,WR3,Donovan Brown,WR,14.1,returning,
San Diego State,offense,TE,Jackson Ford,TE,6.6,returning,
San Diego State,offense,OL1,,,,,
San Diego State,offense,OL2,,,,,
San Diego State,offense,OL3,,,,,
San Diego State,offense,OL4,,,,,
San Diego State,offense,OL5,,,,,
San Diego State,defense,DL1,Kai Wallin,DL,8.95,transfer,Oregon State
San Diego State,defense,DL2,Amari Comier,DL,8.4,returning,
San Diego State,defense,DL3,Brady Nassar,DL,7.15,returning,
San Diego State,defense,DL4,Malachi Finau,DL,4.05,returning,
San Diego State,defense,LB1,Tano Letuli,LB,13.95,returning,
San Diego State,defense,LB2,Dean Harrington,LB,0.3,returning,
San Diego State,defense,LB3,Oberhiri Eyafe,LB,0.1,returning,
San Diego State,defense,DB1,Jalen Thomeson,S,27.35,transfer,Ohio
San Diego State,defense,DB2,Dalesean Staley,S,21.5,returning,
San Diego State,defense,DB3,Jason Oliver,CB,6.1,transfer,Sacramento State
San Diego State,defense,DB4,Josiah Cox,S,5.75,returning,
UNLV,offense,QB,Jackson Arnold,QB,53.89,transfer,Auburn
UNLV,offense,RB,Jai'Den Thomas,RB,42.14,returning,
UNLV,offense,WR1,Taeshaun Lyons,WR,13.07,returning,
UNLV,offense,WR2,Amorion Walker,WR,8.77,transfer,Middle Tennessee
UNLV,offense,WR3,Kayden McGee,WR,0.26,returning,
UNLV,offense,TE,Matt Byrnes,TE,0.48,returning,
UNLV,offense,OL1,,,,,
UNLV,offense,OL2,,,,,
UNLV,offense,OL3,,,,,
UNLV,offense,OL4,,,,,
UNLV,offense,OL5,,,,,
UNLV,defense,DL1,Cohen Fuller,DL,13.2,returning,
UNLV,defense,DL2,Lucas Conti,DL,11.2,returning,
UNLV,defense,DL3,Landen Thomas,DL,7.3,returning,
UNLV,defense,DL4,Kenji Scanlan,DE,2.15,returning,
UNLV,defense,LB1,Blesyng Alualu-Tuiolemotu,LB,15.35,returning,
UNLV,defense,LB2,Kamuela Ka'aihue,LB,5.8,returning,
UNLV,defense,LB3,Elias Rudolph,LB,4.75,returning,
UNLV,defense,DB1,Quandarius Keyes,DB,22.4,returning,
UNLV,defense,DB2,Jake Pope,S,20.5,returning,
UNLV,defense,DB3,Tre Fulton,DB,10.3,returning,
UNLV,defense,DB4,Kyron Chambers,CB,9.25,transfer,SMU
Kennesaw State,offense,QB,Rickie Collins,QB,25.02,transfer,Syracuse
Kennesaw State,offense,RB,Jonathan Mathis,RB,-0.17,returning,
Kennesaw State,offense,WR1,Zion Booker,WR,13.97,transfer,Tulsa
Kennesaw State,offense,WR2,Javon Rogers,WR,8.98,returning,
Kennesaw State,offense,WR3,Dylan Gary,WR,5.18,transfer,Georgia Southern
Kennesaw State,offense,TE,,,,,
Kennesaw State,offense,OL1,,,,,
Kennesaw State,offense,OL2,,,,,
Kennesaw State,offense,OL3,,,,,
Kennesaw State,offense,OL4,,,,,
Kennesaw State,offense,OL5,,,,,
Kennesaw State,defense,DL1,Marcus Patterson,DL,14.7,returning,
Kennesaw State,defense,DL2,Devin Morgan,DL,13.95,transfer,Buffalo
Kennesaw State,defense,DL3,Jaiden Grimes,DL,9.15,returning,
Kennesaw State,defense,DL4,Ugonna Nwoha,DL,7.35,returning,
Kennesaw State,defense,LB1,Baron Hopson,LB,40.9,returning,
Kennesaw State,defense,LB2,Tywon Christopher,LB,22.35,returning,
Kennesaw State,defense,LB3,Donovan Westmoreland,LB,17.5,returning,
Kennesaw State,defense,DB1,Kody Jones,DB,23.4,returning,
Kennesaw State,defense,DB2,Isaac Paul,DB,11.2,returning,
Kennesaw State,defense,DB3,Perry Fisher,DB,5.85,transfer,UAB
Kennesaw State,defense,DB4,Tay'Vion Lawson,DB,5.4,returning,
UTSA,offense,QB,Owen McCown,QB,138.32,returning,
UTSA,offense,RB,Will Henderson III,RB,35.29,returning,
UTSA,offense,WR1,Mekhi Anderson,WR,6.75,returning,
UTSA,offense,WR2,T.J. West,WR,1.55,transfer,Texas Tech
UTSA,offense,WR3,,,,,
UTSA,offense,TE,Brandon Young Jr.,TE,1.0,transfer,North Texas
UTSA,offense,OL1,,,,,
UTSA,offense,OL2,,,,,
UTSA,offense,OL3,,,,,
UTSA,offense,OL4,,,,,
UTSA,offense,OL5,,,,,
UTSA,defense,DL1,Tai Leonard,DL,7.15,returning,
UTSA,defense,DL2,Collins Acheampong,DL,4.5,transfer,Bowling Green
UTSA,defense,DL3,Jameian Buxton,DL,3.95,returning,
UTSA,defense,DL4,Johnny Bowens III,DL,3.25,returning,
UTSA,defense,LB1,Elijah Baldwin,LB,21.05,transfer,UTEP
UTSA,defense,LB2,James Walley Jr.,LB,14.65,returning,
UTSA,defense,LB3,Owen Pewee,LB,13.05,returning,
UTSA,defense,DB1,Jakevian Rodgers,CB,10.3,returning,
UTSA,defense,DB2,Marcellus Wilkerson,S,9.2,returning,
UTSA,defense,DB3,Ahamad Chapman,CB,5.55,returning,
UTSA,defense,DB4,Cam Upshaw Jr.,S,5.3,returning,
Coastal Carolina,offense,QB,Trever Jackson,QB,-0.22,transfer,Arkansas
Coastal Carolina,offense,RB,Daelen Alexander,RB,11.54,transfer,Rice
Coastal Carolina,offense,WR1,Tristian Gardner,WR,36.95,transfer,Missouri State
Coastal Carolina,offense,WR2,Robby Washington,WR,14.59,returning,
Coastal Carolina,offense,WR3,Clayton Coppock,WR,14.54,transfer,Kennesaw State
Coastal Carolina,offense,TE,Zach Courtney,TE,5.22,returning,
Coastal Carolina,offense,OL1,,,,,
Coastal Carolina,offense,OL2,,,,,
Coastal Carolina,offense,OL3,,,,,
Coastal Carolina,offense,OL4,,,,,
Coastal Carolina,offense,OL5,,,,,
Coastal Carolina,defense,DL1,DJ Wesolak,DL,20.25,transfer,Missouri State
Coastal Carolina,defense,DL2,Mitchell Toney,DL,17.8,transfer,Missouri State
Coastal Carolina,defense,DL3,Ibrahim Diawara,DE,13.6,returning,
Coastal Carolina,defense,DL4,Ahmad Poole,DL,12.05,transfer,Missouri State
Coastal Carolina,defense,LB1,Tray Brown,LB,29.8,returning,
Coastal Carolina,defense,LB2,Se'Von McDowell,LB,12.75,returning,
Coastal Carolina,defense,LB3,Wyatt Gedeon,LB,1.1,returning,
Coastal Carolina,defense,DB1,Myles Woods,DB,23.35,returning,
Coastal Carolina,defense,DB2,Ja'Marion Wayne,CB,19.4,returning,
Coastal Carolina,defense,DB3,Dre Pinckney,S,5.8,returning,
Coastal Carolina,defense,DB4,Kadon Crawford,DB,1.7,returning,
Troy,offense,QB,Tucker Kilcrease,QB,61.5,returning,
Troy,offense,RB,Jaheim Merriweather,RB,-0.29,transfer,Purdue
Troy,offense,WR1,TJ Lott,WR,2.26,transfer,Old Dominion
Troy,offense,WR2,,,,,
Troy,offense,WR3,,,,,
Troy,offense,TE,Jackson Worley,TE,1.31,returning,
Troy,offense,OL1,,,,,
Troy,offense,OL2,,,,,
Troy,offense,OL3,,,,,
Troy,offense,OL4,,,,,
Troy,offense,OL5,,,,,
Troy,defense,DL1,August Salvati,DL,12.85,transfer,San Diego State
Troy,defense,DL2,Kam Curry,DT,8.3,returning,
Troy,defense,DL3,Ty Clemons,DT,3.6,transfer,Boston College
Troy,defense,DL4,Jermaine Paramore,DT,2.15,returning,
Troy,defense,LB1,TJ Thompson,LB,18.15,returning,
Troy,defense,LB2,Luke Hodge,LB,11.45,returning,
Troy,defense,LB3,Bryce Steele,LB,3.35,transfer,Boston College
Troy,defense,DB1,Donnie Smith,DB,41.65,returning,
Troy,defense,DB2,Joe Lott,S,15.6,returning,
Troy,defense,DB3,Jonathan Pennix,CB,15.5,transfer,Southern Miss
Troy,defense,DB4,Justin Powe,S,12.5,returning,
Boston College,offense,QB,,,,,
Boston College,offense,RB,Evan Dickens,RB,60.2,transfer,Liberty
Boston College,offense,WR1,Jaedn Skeete,WR,13.06,returning,
Boston College,offense,WR2,Dawson Pough,WR,11.94,returning,
Boston College,offense,WR3,Javarius Green,WR,6.78,transfer,North Carolina
Boston College,offense,TE,Kaelan Chudzinski,TE,21.99,returning,
Boston College,offense,OL1,,,,,
Boston College,offense,OL2,,,,,
Boston College,offense,OL3,,,,,
Boston College,offense,OL4,,,,,
Boston College,offense,OL5,,,,,
Boston College,defense,DL1,Favor Bate,DL,7.4,returning,
Boston College,defense,DL2,Demetrius Ballard,DE,6.55,transfer,Buffalo
Boston College,defense,DL3,E'Lla Boykin,DL,6.15,returning,
Boston College,defense,DL4,Chris Marable Jr.,DL,5.2,returning,
Boston College,defense,LB1,Justin Medlock,LB,15.75,transfer,SMU
Boston College,defense,LB2,Anthony Palano,LB,12.25,transfer,Washington State
Boston College,defense,LB3,Kemori Dixon,LB,2.9,returning,
Boston College,defense,DB1,KP Price,DB,21.3,returning,
Boston College,defense,DB2,Carter Davis,DB,11.65,returning,
Boston College,defense,DB3,Isaiah Farris,DB,10.3,returning,
Boston College,defense,DB4,Max Tucker,DB,7.9,returning,
Old Dominion,offense,QB,Jaxon Potter,QB,24.02,transfer,Washington State
Old Dominion,offense,RB,Devin Roche,RB,12.13,returning,
Old Dominion,offense,WR1,Sidney Mbanasor,WR,5.7,returning,
Old Dominion,offense,WR2,TJ Johnson,WR,-0.24,returning,
Old Dominion,offense,WR3,,,,,
Old Dominion,offense,TE,Leon Haughton Jr.,TE,3.42,transfer,Maryland
Old Dominion,offense,OL1,,,,,
Old Dominion,offense,OL2,,,,,
Old Dominion,offense,OL3,,,,,
Old Dominion,offense,OL4,,,,,
Old Dominion,offense,OL5,,,,,
Old Dominion,defense,DL1,Chris Forbes,DL,18.1,returning,
Old Dominion,defense,DL2,Javen Gibson,DL,13.15,returning,
Old Dominion,defense,DL3,Deandre Lynch,DL,10.5,returning,
Old Dominion,defense,DL4,Hunter Malecki,DL,7.25,returning,
Old Dominion,defense,LB1,Jackson Forrest,LB,20.7,returning,
Old Dominion,defense,LB2,Dirrick Goodman,LB,3.85,returning,
Old Dominion,defense,LB3,Jed Olotu-Judah,LB,3.15,returning,
Old Dominion,defense,DB1,Mario Easterly,S,19.75,returning,
Old Dominion,defense,DB2,Zion Frink,CB,18.0,returning,
Old Dominion,defense,DB3,Brandon Crutchfield,CB,17.0,returning,
Old Dominion,defense,DB4,Daevon Iles,S,11.2,returning,
Western Michigan,offense,QB,Broc Lowry,QB,97.47,returning,
Western Michigan,offense,RB,Jalen Buckley,RB,31.26,returning,
Western Michigan,offense,WR1,Baylin Brooks,WR,26.19,returning,
Western Michigan,offense,WR2,Aveion Chenault,WR,14.64,returning,
Western Michigan,offense,WR3,Terence Marshall,WR,0.62,returning,
Western Michigan,offense,TE,Adam Parks,TE,0.49,transfer,New Mexico State
Western Michigan,offense,OL1,,,,,
Western Michigan,offense,OL2,,,,,
Western Michigan,offense,OL3,,,,,
Western Michigan,offense,OL4,,,,,
Western Michigan,offense,OL5,,,,,
Western Michigan,defense,DL1,Will Gerig,DE,5.4,returning,
Western Michigan,defense,DL2,Dakari Frazier,DL,3.5,returning,
Western Michigan,defense,DL3,Jori Benson,DT,2.9,returning,
Western Michigan,defense,DL4,Dalton Gustwiller,DL,2.4,returning,
Western Michigan,defense,LB1,Domanick Moon,LB,8.55,returning,
Western Michigan,defense,LB2,Dillon Moore,LB,4.9,returning,
Western Michigan,defense,LB3,Gabe Welch,LB,0.7,returning,
Western Michigan,defense,DB1,Joshua Franklin,DB,28.05,returning,
Western Michigan,defense,DB2,Joey Pope,S,26.65,returning,
Western Michigan,defense,DB3,Micah Davis,S,15.25,returning,
Western Michigan,defense,DB4,Jarvarius Sims,CB,15.1,returning,
Miami (OH),offense,QB,Thomas Gotkowski,QB,18.46,returning,
Miami (OH),offense,RB,D'Shawntae Jones,RB,12.85,returning,
Miami (OH),offense,WR1,Braylon Isom,WR,13.64,returning,
Miami (OH),offense,WR2,Keith Reynolds,WR,6.61,returning,
Miami (OH),offense,WR3,Brady Simmons,WR,1.09,returning,
Miami (OH),offense,TE,,,,,
Miami (OH),offense,OL1,,,,,
Miami (OH),offense,OL2,,,,,
Miami (OH),offense,OL3,,,,,
Miami (OH),offense,OL4,,,,,
Miami (OH),offense,OL5,,,,,
Miami (OH),defense,DL1,Bai Jobe,DL,13.0,returning,
Miami (OH),defense,DL2,Mikah Coleman,DL,10.75,transfer,Cincinnati
Miami (OH),defense,DL3,James Schott,DL,9.9,returning,
Miami (OH),defense,DL4,Roosevelt Andrews III,DL,9.7,returning,
Miami (OH),defense,LB1,Blayne Myrick,LB,22.65,transfer,South Alabama
Miami (OH),defense,LB2,Malcolm Mccain,LB,19.35,returning,
Miami (OH),defense,LB3,Eli Coppess,LB,10.7,returning,
Miami (OH),defense,DB1,Mychal Yharbrough,DB,12.4,returning,
Miami (OH),defense,DB2,Kaleb Martin,DB,11.85,returning,
Miami (OH),defense,DB3,Adrian Walker Jr.,DB,8.25,returning,
Miami (OH),defense,DB4,Jermaine Agee,DB,8.15,returning,
South Florida,offense,QB,Luke Kromenhoek,QB,3.83,transfer,Mississippi State
South Florida,offense,RB,Alvon Isaac,RB,3.35,returning,
South Florida,offense,WR1,Mudia Reuben,WR,23.17,returning,
South Florida,offense,WR2,Armani Winfield,WR,13.09,transfer,Colorado State
South Florida,offense,WR3,Cameron Seldon,WR,12.86,transfer,Virginia Tech
South Florida,offense,TE,Wyatt Sullivan,TE,11.58,returning,
South Florida,offense,OL1,,,,,
South Florida,offense,OL2,,,,,
South Florida,offense,OL3,,,,,
South Florida,offense,OL4,,,,,
South Florida,offense,OL5,,,,,
South Florida,defense,DL1,Asani Redwood,DT,7.3,transfer,West Virginia
South Florida,defense,DL2,Michael Williams II,DE,6.4,returning,
South Florida,defense,DL3,Levi Smiley,DE,5.4,returning,
South Florida,defense,DL4,C.J. Hicks,DE,2.6,transfer,Ohio State
South Florida,defense,LB1,Shamar Meikle,LB,15.8,transfer,Oregon State
South Florida,defense,LB2,Marshon Oxley,LB,12.75,transfer,West Virginia
South Florida,defense,LB3,Zavier Hamilton,LB,8.2,returning,
South Florida,defense,DB1,Ayden Jackson,DB,25.9,transfer,Georgia Southern
South Florida,defense,DB2,Tavin Ward,S,19.75,returning,
South Florida,defense,DB3,Za'Quan Bryan,CB,9.45,transfer,Minnesota
South Florida,defense,DB4,Amarion Fortenberry,CB,5.3,transfer,Kansas State
Missouri State,offense,QB,Skyler Locklear,QB,46.75,transfer,UTEP
Missouri State,offense,RB,Ramone Green Jr.,RB,36.31,returning,
Missouri State,offense,WR1,Jmariyae Robinson,WR,50.42,returning,
Missouri State,offense,WR2,Makai Cope,WR,13.45,returning,
Missouri State,offense,WR3,Isaiah McMorris,WR,3.31,returning,
Missouri State,offense,TE,Jeron Askren,TE,15.97,returning,
Missouri State,offense,OL1,,,,,
Missouri State,offense,OL2,,,,,
Missouri State,offense,OL3,,,,,
Missouri State,offense,OL4,,,,,
Missouri State,offense,OL5,,,,,
Missouri State,defense,DL1,Caden Wiest,DE,11.5,returning,
Missouri State,defense,DL2,Tim Brantley Jr.,DL,6.85,returning,
Missouri State,defense,DL3,Malachi Madison,DL,3.9,transfer,Massachusetts
Missouri State,defense,DL4,Kellen Lindstrom,DE,0.2,transfer,Tennessee
Missouri State,defense,LB1,Jared Lloyd,LB,18.6,returning,
Missouri State,defense,LB2,Cooper Roy,LB,9.35,returning,
Missouri State,defense,LB3,Stratton Shufelt,LB,4.3,transfer,UTEP
Missouri State,defense,DB1,Dylan Dixson,S,18.75,returning,
Missouri State,defense,DB2,Christian Ford,S,8.45,returning,
Missouri State,defense,DB3,J.J. O'Neal,S,4.95,returning,
Missouri State,defense,DB4,Devin Rutherford,S,1.85,returning,
Georgia Southern,offense,QB,Weston Bryan,QB,14.66,returning,
Georgia Southern,offense,RB,Terrance Gibbs,RB,7.04,returning,
Georgia Southern,offense,WR1,Ashton Hollins,WR,6.64,transfer,Illinois
Georgia Southern,offense,WR2,Taylor Bradshaw,WR,4.14,returning,
Georgia Southern,offense,WR3,Josh Dallas,WR,0.77,returning,
Georgia Southern,offense,TE,River Helms,TE,1.77,returning,
Georgia Southern,offense,OL1,,,,,
Georgia Southern,offense,OL2,,,,,
Georgia Southern,offense,OL3,,,,,
Georgia Southern,offense,OL4,,,,,
Georgia Southern,offense,OL5,,,,,
Georgia Southern,defense,DL1,Caleb Moore,DL,12.2,returning,
Georgia Southern,defense,DL2,Elijah Fears,DL,4.0,returning,
Georgia Southern,defense,DL3,Latrell Bullard,DL,1.35,returning,
Georgia Southern,defense,DL4,Kwon McGinney,DL,0.5,returning,
Georgia Southern,defense,LB1,MJ Stroud,LB,38.55,returning,
Georgia Southern,defense,LB2,Anthony Bynum,LB,26.8,transfer,Middle Tennessee
Georgia Southern,defense,LB3,Brandon Tyson,LB,20.65,returning,
Georgia Southern,defense,DB1,Tracy Hill Jr.,DB,21.6,returning,
Georgia Southern,defense,DB2,Devin Collier,DB,7.9,returning,
Georgia Southern,defense,DB3,Chance Gamble,DB,7.1,returning,
Georgia Southern,defense,DB4,Jaquari Brown,DB,6.85,returning,
Stanford,offense,QB,Charlie Mirer,QB,4.49,returning,
Stanford,offense,RB,Micah Ford,RB,12.0,returning,
Stanford,offense,WR1,Caden High,WR,20.57,returning,
Stanford,offense,WR2,Marcus Brown,WR,6.44,returning,
Stanford,offense,WR3,Liam Thorpe,WR,-0.74,returning,
Stanford,offense,TE,Chico Holt,TE,3.51,returning,
Stanford,offense,OL1,,,,,
Stanford,offense,OL2,,,,,
Stanford,offense,OL3,,,,,
Stanford,offense,OL4,,,,,
Stanford,offense,OL5,,,,,
Stanford,defense,DL1,Omar Staples,DL,6.75,returning,
Stanford,defense,DL2,Zach Rowell,DL,3.75,returning,
Stanford,defense,DL3,Braden Marceau-Olayinka,DL,2.75,returning,
Stanford,defense,DL4,Jacobi Murray,DL,0.5,returning,
Stanford,defense,LB1,Matt Rose,LB,30.85,returning,
Stanford,defense,LB2,Tevarua Tafiti,LB,19.95,returning,
Stanford,defense,LB3,Ernest Cooper,LB,14.05,returning,
Stanford,defense,DB1,Brandon Nicholson,CB,18.7,returning,
Stanford,defense,DB2,Scotty Edwards,S,14.9,returning,
Stanford,defense,DB3,Charlie Eckhardt,S,10.65,returning,
Stanford,defense,DB4,Darrius Davis,S,9.6,returning,
Kentucky,offense,QB,Kenny Minchey,QB,14.29,transfer,Notre Dame
Kentucky,offense,RB,Jovantae Barnes,RB,1.2,transfer,Oklahoma
Kentucky,offense,WR1,Hardley Gilmore IV,WR,13.3,returning,
Kentucky,offense,WR2,DJ Miller,WR,11.78,returning,
Kentucky,offense,WR3,Xavier Daisy,WR,7.13,transfer,UAB
Kentucky,offense,TE,Willie Rodriguez,TE,20.43,returning,
Kentucky,offense,OL1,,,,,
Kentucky,offense,OL2,,,,,
Kentucky,offense,OL3,,,,,
Kentucky,offense,OL4,,,,,
Kentucky,offense,OL5,,,,,
Kentucky,defense,DL1,Tavion Gadson,DL,12.8,returning,
Kentucky,defense,DL2,Tyler Thomas,DE,9.1,transfer,South Alabama
Kentucky,defense,DL3,Dominic Wiseman,DT,8.8,transfer,South Alabama
Kentucky,defense,DL4,Jamarrion Harkless,DL,8.8,transfer,Purdue
Kentucky,defense,LB1,Lorenzo Cowan,LB,11.3,returning,
Kentucky,defense,LB2,Sam Greene,LB,11.25,returning,
Kentucky,defense,LB3,Grant Godfrey,LB,7.4,returning,
Kentucky,defense,DB1,Ty Bryant,DB,23.85,returning,
Kentucky,defense,DB2,Jordan Castell,DB,12.4,transfer,Florida
Kentucky,defense,DB3,Terhyon Nichols,DB,9.3,returning,
Kentucky,defense,DB4,Grant Grayton,DB,8.35,returning,
Arkansas State,offense,QB,Drew Dickey,QB,3.24,transfer,Vanderbilt
Arkansas State,offense,RB,Devin Spencer,RB,5.82,returning,
Arkansas State,offense,WR1,Chauncy Cobb,WR,51.52,returning,
Arkansas State,offense,WR2,Hunter Summers,WR,22.25,returning,
Arkansas State,offense,WR3,Jaylen Bonelli,WR,5.21,returning,
Arkansas State,offense,TE,Tyler Little,TE,4.6,returning,
Arkansas State,offense,OL1,,,,,
Arkansas State,offense,OL2,,,,,
Arkansas State,offense,OL3,,,,,
Arkansas State,offense,OL4,,,,,
Arkansas State,offense,OL5,,,,,
Arkansas State,defense,DL1,Shakai Woods,DT,20.55,transfer,Middle Tennessee
Arkansas State,defense,DL2,Ryan Reese,DT,5.45,returning,
Arkansas State,defense,DL3,Sultan Badmus,DE,3.0,transfer,Temple
Arkansas State,defense,DL4,Tyeland Coleman,DT,2.7,transfer,Florida State
Arkansas State,defense,LB1,Nigel Nelson,LB,10.4,returning,
Arkansas State,defense,LB2,Kam Moore,LB,0.4,transfer,UCF
Arkansas State,defense,LB3,,,,,
Arkansas State,defense,DB1,AG McGhee,S,21.8,returning,
Arkansas State,defense,DB2,Brandon Greil,S,21.05,returning,
Arkansas State,defense,DB3,Brandon Barnes,S,16.55,returning,
Arkansas State,defense,DB4,Five Hamilton,S,12.3,transfer,Kennesaw State
Liberty,offense,QB,Ethan Vasko,QB,74.73,returning,
Liberty,offense,RB,Terron Kellman,RB,15.03,transfer,Wyoming
Liberty,offense,WR1,Jamari Person,WR,15.97,returning,
Liberty,offense,WR2,Bryce Randolph,WR,1.88,returning,
Liberty,offense,WR3,Makai Jackson,WR,0.16,transfer,Indiana
Liberty,offense,TE,Caleb Ryan,TE,5.01,returning,
Liberty,offense,OL1,,,,,
Liberty,offense,OL2,,,,,
Liberty,offense,OL3,,,,,
Liberty,offense,OL4,,,,,
Liberty,offense,OL5,,,,,
Liberty,defense,DL1,Nathan Pirolli,DL,9.95,returning,
Liberty,defense,DL2,Mike Jarvis,DL,9.25,returning,
Liberty,defense,DL3,Aaron Hester,DL,5.0,returning,
Liberty,defense,DL4,Joe Strickland,DL,3.5,returning,
Liberty,defense,LB1,Derrell Farrar,LB,17.6,returning,
Liberty,defense,LB2,Aidan Vaughan,LB,3.45,returning,
Liberty,defense,LB3,Micah Pollard,LB,3.3,returning,
Liberty,defense,DB1,D-Icey Hopkins,S,16.85,transfer,Georgia State
Liberty,defense,DB2,Ashton Whitner,S,9.55,transfer,Ball State
Liberty,defense,DB3,Jiquavious Marshall,CB,3.5,returning,
Liberty,defense,DB4,Elijah Hopkins,CB,0.5,returning,
North Texas,offense,QB,Tayven Jackson,QB,90.43,transfer,UCF
North Texas,offense,RB,Jahiem White,RB,4.71,transfer,West Virginia
North Texas,offense,WR1,Corri Milliner,WR,24.31,transfer,UAB
North Texas,offense,WR2,Dalton Carnes,WR,4.24,returning,
North Texas,offense,WR3,Shandon King,WR,2.27,returning,
North Texas,offense,TE,Brec Long,TE,0.1,transfer,South Alabama
North Texas,offense,OL1,,,,,
North Texas,offense,OL2,,,,,
North Texas,offense,OL3,,,,,
North Texas,offense,OL4,,,,,
North Texas,offense,OL5,,,,,
North Texas,defense,DL1,Udoka Ezeani,DL,26.1,transfer,UTEP
North Texas,defense,DL2,David Onuoha,DL,14.45,transfer,Massachusetts
North Texas,defense,DL3,Davion Rhodes,DL,14.15,transfer,Georgia Southern
North Texas,defense,DL4,Brayden Knox,DL,5.9,returning,
North Texas,defense,LB1,Aaron Alexander,LB,17.2,transfer,Arkansas State
North Texas,defense,LB2,Zakye Barker,LB,3.95,transfer,SMU
North Texas,defense,LB3,Chantz Johnson,LB,3.7,transfer,Texas State
North Texas,defense,DB1,Caden Jenkins,CB,6.25,transfer,Baylor
North Texas,defense,DB2,Keshawn Davila,CB,2.7,transfer,Arkansas
North Texas,defense,DB3,Cameren Jenkins,S,0.6,transfer,Baylor
North Texas,defense,DB4,Chase Canada,CB,0.3,returning,
Michigan State,offense,QB,Alessio Milivojevic,QB,44.05,returning,
Michigan State,offense,RB,Jaziun Patterson,RB,8.81,transfer,Iowa
Michigan State,offense,WR1,Chrishon Mccray,WR,17.55,returning,
Michigan State,offense,WR2,Rodney Bullard Jr.,WR,12.02,returning,
Michigan State,offense,WR3,KK Smith,WR,5.97,transfer,Notre Dame
Michigan State,offense,TE,Jayden Savoury,TE,2.23,returning,
Michigan State,offense,OL1,,,,,
Michigan State,offense,OL2,,,,,
Michigan State,offense,OL3,,,,,
Michigan State,offense,OL4,,,,,
Michigan State,offense,OL5,,,,,
Michigan State,defense,DL1,Kenny Soares Jr.,EDGE,20.0,transfer,NC State
Michigan State,defense,DL2,Anelu Lafaele,EDGE,6.2,returning,
Michigan State,defense,DL3,Eli Coenen,DL,5.45,transfer,Illinois
Michigan State,defense,DL4,Isaac Smith,EDGE,5.0,returning,
Michigan State,defense,LB1,Jordan Hall,LB,23.3,returning,
Michigan State,defense,LB2,Dion Crawford,LB,21.65,transfer,Buffalo
Michigan State,defense,LB3,Brady Pretzlaff,LB,4.4,returning,
Michigan State,defense,DB1,Tre Bell,CB,18.1,transfer,Iowa State
Michigan State,defense,DB2,Aveon Grose,S,4.5,returning,
Michigan State,defense,DB3,Nikai Martinez,DB,2.4,returning,
Michigan State,defense,DB4,Khalil Majeed,S,2.3,returning,
Army,offense,QB,Cale Hellums,QB,127.33,returning,
Army,offense,RB,Godspower Nwawuihe,RB,10.08,returning,
Army,offense,WR1,Samari Howard,WR,9.74,returning,
Army,offense,WR2,Brady Mott,WR,2.85,returning,
Army,offense,WR3,Tobi Olawole,WR,2.08,returning,
Army,offense,TE,Parker Poloskey,TE,7.24,returning,
Army,offense,OL1,,,,,
Army,offense,OL2,,,,,
Army,offense,OL3,,,,,
Army,offense,OL4,,,,,
Army,offense,OL5,,,,,
Army,defense,DL1,Jack Bousum,DL,20.55,returning,
Army,defense,DL2,Dillon Stowers,DL,4.2,returning,
Army,defense,DL3,Cael Newton,DL,2.9,returning,
Army,defense,DL4,Kody Harris-Miller,DL,2.6,returning,
Army,defense,LB1,Noah Nixon,LB,2.5,returning,
Army,defense,LB2,Baylor Newsom,LB,0.9,returning,
Army,defense,LB3,Elijah Walton,LB,0.8,returning,
Army,defense,DB1,Jaydan Mayes,CB,18.25,returning,
Army,defense,DB2,Cole Searight,DB,10.8,returning,
Army,defense,DB3,Stephen Nnadozie,S,8.05,returning,
Army,defense,DB4,Jaxon Hammond,CB,4.65,returning,
Iowa,offense,QB,Jeremy Hecklinski,QB,2.52,returning,
Iowa,offense,RB,Kamari Moulton,RB,18.41,returning,
Iowa,offense,WR1,Reece Vander Zee,WR,18.33,returning,
Iowa,offense,WR2,Dayton Howard,WR,9.94,returning,
Iowa,offense,WR3,Alex Eichmann,WR,-0.15,returning,
Iowa,offense,TE,DJ Vonnahme,TE,31.17,returning,
Iowa,offense,OL1,,,,,
Iowa,offense,OL2,,,,,
Iowa,offense,OL3,,,,,
Iowa,offense,OL4,,,,,
Iowa,offense,OL5,,,,,
Iowa,defense,DL1,Bryce Hawthorne,DL,9.0,returning,
Iowa,defense,DL2,Lance Ingold,DL,7.2,transfer,Northern Illinois
Iowa,defense,DL3,Kenneth Merrieweather,DL,3.4,returning,
Iowa,defense,DL4,Maddux Borcherding-Johnson,DL,1.8,returning,
Iowa,defense,LB1,Jayden Montgomery,LB,9.4,returning,
Iowa,defense,LB2,Cam Buffington,LB,4.95,returning,
Iowa,defense,LB3,Preston Ries,LB,1.45,returning,
Iowa,defense,DB1,Zach Lutmer,DB,40.1,returning,
Iowa,defense,DB2,Tyler Brown,DB,24.1,transfer,James Madison
Iowa,defense,DB3,Deshaun Lee,DB,18.4,returning,
Iowa,defense,DB4,Jaylen Watson,DB,2.75,returning,
UConn,offense,QB,Kalieb Osborne,QB,22.85,transfer,Toledo
UConn,offense,RB,Dashun Reeder,RB,7.98,transfer,Northwestern
UConn,offense,WR1,Ryder Treadway,WR,18.64,transfer,Toledo
UConn,offense,WR2,Javon Brown,WR,9.93,transfer,Toledo
UConn,offense,WR3,Shamar Porter,WR,8.83,returning,
UConn,offense,TE,,,,,
UConn,offense,OL1,,,,,
UConn,offense,OL2,,,,,
UConn,offense,OL3,,,,,
UConn,offense,OL4,,,,,
UConn,offense,OL5,,,,,
UConn,defense,DL1,Anas Luqman,DL,25.8,transfer,Ohio
UConn,defense,DL2,Matt Hoffman,DL,7.7,returning,
UConn,defense,DL3,Avery Dunn,DL,6.7,transfer,Toledo
UConn,defense,DL4,Tahjae Mullix,DL,5.35,transfer,Oregon State
UConn,defense,LB1,K'Von Sherman,LB,39.8,transfer,Toledo
UConn,defense,LB2,Luke Murphy,LB,10.85,transfer,Coastal Carolina
UConn,defense,LB3,Zakaih Saez,LB,6.3,transfer,Oregon State
UConn,defense,DB1,Moussa Kane,CB,11.7,transfer,Duke
UConn,defense,DB2,Jayden Davis,DB,11.4,transfer,Fresno State
UConn,defense,DB3,Zion Paret,DB,1.3,transfer,Florida Atlantic
UConn,defense,DB4,Kylish Hicks,DB,0.9,returning,
Tulane,offense,QB,,,,,
Tulane,offense,RB,Jamauri McClure,RB,22.06,returning,
Tulane,offense,WR1,Zycarl Lewis Jr.,WR,21.51,returning,
Tulane,offense,WR2,Garrett Mmahat,WR,12.76,returning,
Tulane,offense,WR3,Gabe Daniels,WR,2.78,transfer,Syracuse
Tulane,offense,TE,Dawson Johnson,TE,8.71,transfer,Old Dominion
Tulane,offense,OL1,,,,,
Tulane,offense,OL2,,,,,
Tulane,offense,OL3,,,,,
Tulane,offense,OL4,,,,,
Tulane,offense,OL5,,,,,
Tulane,defense,DL1,Ed Smith IV,DL,9.1,transfer,South Alabama
Tulane,defense,DL2,Gerrod Henderson,DE,4.55,returning,
Tulane,defense,DL3,Jahrie Garner,DE,2.6,returning,
Tulane,defense,DL4,Armondous Cooley,DL,2.35,returning,
Tulane,defense,LB1,Chris Rodgers,LB,32.25,returning,
Tulane,defense,LB2,Makai Williams,LB,9.0,returning,
Tulane,defense,LB3,Dickson Agu,LB,7.85,returning,
Tulane,defense,DB1,Jack Tchienchou,S,21.75,returning,
Tulane,defense,DB2,E'zaiah Shine,CB,15.25,returning,
Tulane,defense,DB3,Joshua Moore,DB,4.9,returning,
Tulane,defense,DB4,LJ Green,CB,4.65,returning,
Washington State,offense,QB,Julian Dugger,QB,7.69,returning,
Washington State,offense,RB,Kirby Vorhees,RB,11.33,returning,
Washington State,offense,WR1,Tony Freeman,WR,35.91,returning,
Washington State,offense,WR2,Daniel Blood,WR,7.12,transfer,Missouri
Washington State,offense,WR3,Tank Hawkins,WR,1.16,transfer,Florida
Washington State,offense,TE,Trey Leckner,TE,7.58,returning,
Washington State,offense,OL1,,,,,
Washington State,offense,OL2,,,,,
Washington State,offense,OL3,,,,,
Washington State,offense,OL4,,,,,
Washington State,offense,OL5,,,,,
Washington State,defense,DL1,Paul Hutson III,DT,29.2,transfer,Marshall
Washington State,defense,DL2,Linus Zunk,DE,11.75,transfer,Vanderbilt
Washington State,defense,DL3,Michael Hughes,DE,4.45,returning,
Washington State,defense,DL4,Kaden Beatty,DT,3.2,returning,
Washington State,defense,LB1,Nylan Brown,LB,8.95,transfer,Kent State
Washington State,defense,LB2,DJ Warner,LB,8.35,transfer,SMU
Washington State,defense,LB3,Jack Ellison,LB,4.6,returning,
Washington State,defense,DB1,Jaylen Thomas,S,14.9,transfer,San José State
Washington State,defense,DB2,Khamari Terrell,CB,14.3,transfer,Texas State
Washington State,defense,DB3,Jalil Tucker,CB,13.0,transfer,Oregon State
Washington State,defense,DB4,Jamarey Smith,CB,1.45,returning,
New Mexico State,offense,QB,Adam Damante,QB,19.31,returning,
New Mexico State,offense,RB,Dijon Stanley,RB,2.0,returning,
New Mexico State,offense,WR1,Lyndon Ravare,WR,12.02,transfer,Kennesaw State
New Mexico State,offense,WR2,TJ Pride,WR,7.56,returning,
New Mexico State,offense,WR3,Myles Libman,WR,7.44,transfer,Stanford
New Mexico State,offense,TE,Rayfield Lotten,TE,3.66,transfer,Sam Houston
New Mexico State,offense,OL1,,,,,
New Mexico State,offense,OL2,,,,,
New Mexico State,offense,OL3,,,,,
New Mexico State,offense,OL4,,,,,
New Mexico State,offense,OL5,,,,,
New Mexico State,defense,DL1,Gabe Peterson,DE,8.95,returning,
New Mexico State,defense,DL2,Henry Davis III,DL,4.75,returning,
New Mexico State,defense,DL3,Obinna Okeke,DE,4.35,returning,
New Mexico State,defense,DL4,Enzo-Pierre Tayou,DL,2.45,returning,
New Mexico State,defense,LB1,Sone Aupiu,LB,25.55,returning,
New Mexico State,defense,LB2,Tory Gethers,LB,21.45,returning,
New Mexico State,defense,LB3,Vic Shaw,LB,4.25,transfer,UTSA
New Mexico State,defense,DB1,Bernock Iya,S,29.55,returning,
New Mexico State,defense,DB2,Josiah Charles,CB,12.05,returning,
New Mexico State,defense,DB3,Lorenzo Smith,CB,5.55,returning,
New Mexico State,defense,DB4,Tayden Barnes,S,3.9,transfer,Cincinnati
Charlotte,offense,QB,Conner Harrell,QB,38.85,returning,
Charlotte,offense,RB,Khamani Alexander,RB,2.45,transfer,App State
Charlotte,offense,WR1,Jaden Barnes,WR,34.04,transfer,App State
Charlotte,offense,WR2,Derrick Eley,WR,7.18,returning,
Charlotte,offense,WR3,Derrick Eley,WR,7.18,returning,
Charlotte,offense,TE,Lane Wadle,TE,2.96,transfer,Georgia State
Charlotte,offense,OL1,,,,,
Charlotte,offense,OL2,,,,,
Charlotte,offense,OL3,,,,,
Charlotte,offense,OL4,,,,,
Charlotte,offense,OL5,,,,,
Charlotte,defense,DL1,Curtis Simpson,DL,15.6,returning,
Charlotte,defense,DL2,Jamarrion Solomon,DL,9.15,returning,
Charlotte,defense,DL3,Jaylon Johnson,DL,6.75,returning,
Charlotte,defense,DL4,Caleb Irving,DL,1.5,returning,
Charlotte,defense,LB1,Kadin Schmitz,LB,17.25,returning,
Charlotte,defense,LB2,Gavin Willis,LB,13.75,returning,
Charlotte,defense,LB3,Stellan Bowman,LB,0.4,returning,
Charlotte,defense,DB1,Collin Gill,DB,6.75,returning,
Charlotte,defense,DB2,Dy'Lon Womack,DB,1.0,returning,
Charlotte,defense,DB3,Cornell Allen,DB,0.3,returning,
Charlotte,defense,DB4,Shamar McIntosh,DB,0.1,transfer,Maryland
Navy,offense,QB,Braxton Woodson,QB,34.89,returning,
Navy,offense,RB,Vic Listorti,RB,1.2,returning,
Navy,offense,WR1,Luke Hutchison,WR,12.75,returning,
Navy,offense,WR2,Michael Barrow,WR,2.36,returning,
Navy,offense,WR3,Joshua Guerin,WR,-0.07,returning,
Navy,offense,TE,Jake Norris,TE,2.18,returning,
Navy,offense,OL1,,,,,
Navy,offense,OL2,,,,,
Navy,offense,OL3,,,,,
Navy,offense,OL4,,,,,
Navy,offense,OL5,,,,,
Navy,defense,DL1,Griffen Willis,DT,20.3,returning,
Navy,defense,DL2,Xavyer Arrington,DL,1.65,returning,
Navy,defense,DL3,Aiden Lyczek,DE,0.2,returning,
Navy,defense,DL4,Chris Herock,DL,0.1,returning,
Navy,defense,LB1,MarcAnthony Parker,LB,26.45,returning,
Navy,defense,LB2,Coleman Cauley,LB,25.05,returning,
Navy,defense,LB3,Job Grant,LB,5.8,returning,
Navy,defense,DB1,Phillip Hamilton,CB,16.4,returning,
Navy,defense,DB2,Giuseppe Sessi,S,8.85,returning,
Navy,defense,DB3,Bryce Allen,CB,3.8,returning,
Navy,defense,DB4,Cam Robinson,CB,2.25,returning,
Ohio,offense,QB,Nick Poulos,QB,3.91,returning,
Ohio,offense,RB,Duncan Brune,RB,19.51,returning,
Ohio,offense,WR1,Eian Pugh,WR,3.8,returning,
Ohio,offense,WR2,Dom Dorwart,WR,3.3,returning,
Ohio,offense,WR3,,,,,
Ohio,offense,TE,,,,,
Ohio,offense,OL1,,,,,
Ohio,offense,OL2,,,,,
Ohio,offense,OL3,,,,,
Ohio,offense,OL4,,,,,
Ohio,offense,OL5,,,,,
Ohio,defense,DL1,Nehemiah Dukes,DL,10.55,returning,
Ohio,defense,DL2,Evan Herrmann,DL,8.3,returning,
Ohio,defense,DL3,Derek Reagans,DT,6.8,returning,
Ohio,defense,DL4,Joseph Marsh,DE,5.8,returning,
Ohio,defense,LB1,Jack Fries,LB,20.15,returning,
Ohio,defense,LB2,Michael Molnar,LB,19.95,returning,
Ohio,defense,LB3,Charlie Christopher,LB,15.8,returning,
Ohio,defense,DB1,DJ Walker,S,22.25,returning,
Ohio,defense,DB2,Kendall Bannister,CB,6.3,returning,
Ohio,defense,DB3,JT Haskins,S,0.6,returning,
Ohio,defense,DB4,Ronald Jackson Jr.,CB,0.2,returning,
Akron,offense,QB,Brayden Roggow,QB,4.07,returning,
Akron,offense,RB,Jordan Gant,RB,21.98,returning,
Akron,offense,WR1,Marcel Williams,WR,46.58,returning,
Akron,offense,WR2,Kyan Mason,WR,29.94,returning,
Akron,offense,WR3,Cameron Monteiro,WR,6.64,returning,
Akron,offense,TE,,,,,
Akron,offense,OL1,,,,,
Akron,offense,OL2,,,,,
Akron,offense,OL3,,,,,
Akron,offense,OL4,,,,,
Akron,offense,OL5,,,,,
Akron,defense,DL1,Cyrus Durham,DL,23.7,returning,
Akron,defense,DL2,Ronald Hull,DL,10.0,returning,
Akron,defense,DL3,Jon'Trell Mixon,DL,4.15,returning,
Akron,defense,DL4,Dahvon Frazier,DE,2.3,returning,
Akron,defense,LB1,Dwight Nunoo,LB,2.85,transfer,Florida International
Akron,defense,LB2,Jason Hocker,LB,2.05,returning,
Akron,defense,LB3,,,,,
Akron,defense,DB1,Alex Branch,DB,11.3,returning,
Akron,defense,DB2,Mehki Flowers,DB,9.2,returning,
Akron,defense,DB3,Rodrick Hunter,S,8.55,returning,
Akron,defense,DB4,Jamari Somerville,S,6.75,returning,
Kent State,offense,QB,Dru Deshields,QB,83.13,returning,
Kent State,offense,RB,Ayden Harris,RB,0.22,returning,
Kent State,offense,WR1,Ardell Banks,WR,9.85,returning,
Kent State,offense,WR2,Da'Realyst Clark,WR,9.25,returning,
Kent State,offense,WR3,Maurice Stephens,WR,2.84,returning,
Kent State,offense,TE,Terik Mulder,TE,18.45,returning,
Kent State,offense,OL1,,,,,
Kent State,offense,OL2,,,,,
Kent State,offense,OL3,,,,,
Kent State,offense,OL4,,,,,
Kent State,offense,OL5,,,,,
Kent State,defense,DL1,Darian Blachewicz,DL,12.15,returning,
Kent State,defense,DL2,Thomas Aden,DL,10.9,returning,
Kent State,defense,DL3,Jaihien Roy,DL,9.0,returning,
Kent State,defense,DL4,Josue Cordoba,DL,3.0,returning,
Kent State,defense,LB1,Sayed Abuhamdeh,LB,9.9,returning,
Kent State,defense,LB2,Trey Rubinstein,LB,1.3,returning,
Kent State,defense,LB3,Rocco Nicholl,LB,0.7,transfer,South Florida
Kent State,defense,DB1,Joel Cordoba,DB,10.6,returning,
Kent State,defense,DB2,DJ Barnes,DB,5.8,returning,
Kent State,defense,DB3,Atiq Muhammad,DB,4.8,returning,
Kent State,defense,DB4,Clinton Robinson,S,3.3,returning,
North Carolina,offense,QB,Miles O'Neill,QB,-2.52,transfer,Texas A&M
North Carolina,offense,RB,Demon June,RB,13.19,returning,
North Carolina,offense,WR1,Jordan Shipp,WR,49.23,returning,
North Carolina,offense,WR2,Trech Kekahuna,WR,7.75,transfer,Wisconsin
North Carolina,offense,WR3,Madrid Tucker,WR,0.41,returning,
North Carolina,offense,TE,Jelani Thurman,TE,6.57,transfer,Ohio State
North Carolina,offense,OL1,,,,,
North Carolina,offense,OL2,,,,,
North Carolina,offense,OL3,,,,,
North Carolina,offense,OL4,,,,,
North Carolina,offense,OL5,,,,,
North Carolina,defense,DL1,Melkart Abou-Jaoude,DL,35.7,returning,
North Carolina,defense,DL2,Isaiah Johnson,DL,9.95,returning,
North Carolina,defense,DL3,Leroy Jackson,DL,5.65,returning,
North Carolina,defense,DL4,Jaylen Harvey,DL,4.65,transfer,Penn State
North Carolina,defense,LB1,Jonathan Agumadu,LB,1.0,returning,
North Carolina,defense,LB2,Timir Hickman-Collins,LB,0.9,returning,
North Carolina,defense,LB3,Daniel Anderson,LB,0.8,returning,
North Carolina,defense,DB1,Kaleb Cost,DB,16.75,returning,
North Carolina,defense,DB2,Jaiden Patterson,DB,15.55,returning,
North Carolina,defense,DB3,Ade Willie,DB,6.35,transfer,Michigan State
North Carolina,defense,DB4,Coleman Bryson,DB,4.1,returning,
Oregon State,offense,QB,Maalik Murphy,QB,59.83,returning,
Oregon State,offense,RB,Jake Reichle,RB,6.2,returning,
Oregon State,offense,WR1,Karson Boschma,WR,10.26,returning,
Oregon State,offense,WR2,Eddie Freauff,WR,5.23,returning,
Oregon State,offense,WR3,Malachi Durant,WR,2.41,returning,
Oregon State,offense,TE,Gabe Milbourn,TE,5.93,returning,
Oregon State,offense,OL1,,,,,
Oregon State,offense,OL2,,,,,
Oregon State,offense,OL3,,,,,
Oregon State,offense,OL4,,,,,
Oregon State,offense,OL5,,,,,
Oregon State,defense,DL1,Tygee Hill,DT,10.65,returning,
Oregon State,defense,DL2,Jacob Schuster,DT,8.9,returning,
Oregon State,defense,DL3,Jaylen Hill,DT,3.95,returning,
Oregon State,defense,DL4,Tevita Pome'e,DT,3.45,returning,
Oregon State,defense,LB1,Aiden Sullivan,LB,22.45,returning,
Oregon State,defense,LB2,Takari Hickle,LB,15.8,returning,
Oregon State,defense,LB3,Tyree Blake,LB,6.4,returning,
Oregon State,defense,DB1,Trey Glasper,DB,13.8,returning,
Oregon State,defense,DB2,Harlem Howard,DB,5.95,returning,
Oregon State,defense,DB3,Sean Craig,DB,1.9,returning,
Oregon State,defense,DB4,Zephen Walker,DB,0.5,returning,
UAB,offense,QB,Ryder Burton,QB,30.01,returning,
UAB,offense,RB,Amari Brundidge,RB,2.05,returning,
UAB,offense,WR1,Kaleb Brown,WR,21.73,returning,
UAB,offense,WR2,AJ Johnson,WR,1.89,returning,
UAB,offense,WR3,Lamar White,WR,-1.14,returning,
UAB,offense,TE,Antonio Ferguson,TE,6.89,returning,
UAB,offense,OL1,,,,,
UAB,offense,OL2,,,,,
UAB,offense,OL3,,,,,
UAB,offense,OL4,,,,,
UAB,offense,OL5,,,,,
UAB,defense,DL1,Chris Burge,DE,17.7,returning,
UAB,defense,DL2,Eli Hall,DL,16.1,transfer,Liberty
UAB,defense,DL3,Kyle Mosley,DT,4.0,returning,
UAB,defense,DL4,J'Quan Mason,DE,3.4,returning,
UAB,defense,LB1,Muaaz Byard,LB,15.45,transfer,Middle Tennessee
UAB,defense,LB2,Shaun Myers,LB,13.45,transfer,Colorado
UAB,defense,LB3,Marlin Dean,LB,10.7,transfer,Georgia State
UAB,defense,DB1,Jeremiah Jordan,DB,13.4,transfer,Memphis
UAB,defense,DB2,Darrell Sweeting,DB,9.2,transfer,Marshall
UAB,defense,DB3,Delvon Gulley,CB,7.65,returning,
UAB,defense,DB4,Isaiah Crozier,CB,3.2,returning,
Central Michigan,offense,QB,Jadyn Glasser,QB,9.05,returning,
Central Michigan,offense,RB,Brock Townsend,RB,18.15,returning,
Central Michigan,offense,WR1,Langston Lewis,WR,37.43,returning,
Central Michigan,offense,WR2,Tommy Mcintosh,WR,18.11,returning,
Central Michigan,offense,WR3,Nasir Williams,WR,10.81,returning,
Central Michigan,offense,TE,,,,,
Central Michigan,offense,OL1,,,,,
Central Michigan,offense,OL2,,,,,
Central Michigan,offense,OL3,,,,,
Central Michigan,offense,OL4,,,,,
Central Michigan,offense,OL5,,,,,
Central Michigan,defense,DL1,Korver Demma,DL,24.05,returning,
Central Michigan,defense,DL2,JJ Douglas,DL,9.55,returning,
Central Michigan,defense,DL3,Quavion Bird,DL,1.4,returning,
Central Michigan,defense,DL4,Joey VanWetzinga,DL,0.8,returning,
Central Michigan,defense,LB1,Victor Earl,LB,4.0,returning,
Central Michigan,defense,LB2,Xavier White,LB,3.35,returning,
Central Michigan,defense,LB3,,,,,
Central Michigan,defense,DB1,Jaion Jackson,DB,25.25,returning,
Central Michigan,defense,DB2,Justin Taylor,DB,5.95,transfer,Wyoming
Central Michigan,defense,DB3,Ed Conoran,DB,2.05,returning,
Central Michigan,defense,DB4,Kyle Krebs,DB,1.55,returning,
South Alabama,offense,QB,Bishop Davenport,QB,99.03,returning,
South Alabama,offense,RB,PJ Martin,RB,8.06,returning,
South Alabama,offense,WR1,Anthony Eager,WR,9.94,returning,
South Alabama,offense,WR2,Brendan Jenkins,WR,9.26,returning,
South Alabama,offense,WR3,Micah Woods,WR,7.32,returning,
South Alabama,offense,TE,Rod Gibbs,TE,6.28,returning,
South Alabama,offense,OL1,,,,,
South Alabama,offense,OL2,,,,,
South Alabama,offense,OL3,,,,,
South Alabama,offense,OL4,,,,,
South Alabama,offense,OL5,,,,,
South Alabama,defense,DL1,Emmanuel Waller,DL,7.15,returning,
South Alabama,defense,DL2,Stephen Johnson,DL,5.1,returning,
South Alabama,defense,DL3,E'Mauri Smiley,DL,4.5,returning,
South Alabama,defense,DL4,,,,,
South Alabama,defense,LB1,Caleb Dozier,LB,7.4,returning,
South Alabama,defense,LB2,Seidrion Langston,LB,7.35,transfer,UL Monroe
South Alabama,defense,LB3,Parker Shattuck,LB,2.3,returning,
South Alabama,defense,DB1,Jayvon Henderson,S,11.95,returning,
South Alabama,defense,DB2,Cole Blaylock,S,5.45,returning,
South Alabama,defense,DB3,Dallas Young,S,5.2,returning,
South Alabama,defense,DB4,Damyrion Darby,CB,2.25,returning,
UL Monroe,offense,QB,Aidan Armenta,QB,42.84,returning,
UL Monroe,offense,RB,,,,,
UL Monroe,offense,WR1,JP Coulter,WR,12.12,returning,
UL Monroe,offense,WR2,Nic Trujillo,WR,10.24,returning,
UL Monroe,offense,WR3,Brandon Buckhaulter,WR,5.25,returning,
UL Monroe,offense,TE,Bryce Anderson,TE,5.58,transfer,Memphis
UL Monroe,offense,OL1,,,,,
UL Monroe,offense,OL2,,,,,
UL Monroe,offense,OL3,,,,,
UL Monroe,offense,OL4,,,,,
UL Monroe,offense,OL5,,,,,
UL Monroe,defense,DL1,James Smith,DL,5.15,returning,
UL Monroe,defense,DL2,,,,,
UL Monroe,defense,DL3,,,,,
UL Monroe,defense,DL4,,,,,
UL Monroe,defense,LB1,Noah Flemmings,LB,30.75,returning,
UL Monroe,defense,LB2,Marcus Ross,LB,14.25,returning,
UL Monroe,defense,LB3,Jaeden Calender,LB,10.0,returning,
UL Monroe,defense,DB1,Jabari Tiller,DB,19.6,returning,
UL Monroe,defense,DB2,Zy Jackson,DB,5.25,returning,
UL Monroe,defense,DB3,Korian Wilson,DB,2.6,returning,
UL Monroe,defense,DB4,Ameyr Adams,DB,1.65,returning,
Sam Houston,offense,QB,Landyn Locke,QB,5.86,returning,
Sam Houston,offense,RB,Landan Brown,RB,17.02,returning,
Sam Houston,offense,WR1,Chris Reed,WR,23.65,returning,
Sam Houston,offense,WR2,Tim Burns Jr.,WR,6.49,returning,
Sam Houston,offense,WR3,Grady O'Neill,WR,5.66,returning,
Sam Houston,offense,TE,Max Whisner,TE,3.17,transfer,Akron
Sam Houston,offense,OL1,,,,,
Sam Houston,offense,OL2,,,,,
Sam Houston,offense,OL3,,,,,
Sam Houston,offense,OL4,,,,,
Sam Houston,offense,OL5,,,,,
Sam Houston,defense,DL1,Dylan Frazier,DT,15.6,returning,
Sam Houston,defense,DL2,Chauncey Chidi,DE,10.85,returning,
Sam Houston,defense,DL3,Brody Henderson,DE,8.35,returning,
Sam Houston,defense,DL4,Darien Jackson,DT,6.35,returning,
Sam Houston,defense,LB1,Dean Ford,LB,15.2,returning,
Sam Houston,defense,LB2,Ca'lub Holloway,LB,9.9,returning,
Sam Houston,defense,LB3,Tokyo Gordon,LB,5.15,returning,
Sam Houston,defense,DB1,Tyler Bailey,S,11.25,returning,
Sam Houston,defense,DB2,Dravon Wilson,CB,6.6,returning,
Sam Houston,defense,DB3,Jace Arnold,S,3.15,returning,
Sam Houston,defense,DB4,Octavius Henderson,CB,3.05,returning,
Middle Tennessee,offense,QB,Roman Gagliano,QB,46.6,returning,
Middle Tennessee,offense,RB,DJ Taylor,RB,10.74,returning,
Middle Tennessee,offense,WR1,Cam'Ron Lacy,WR,26.08,returning,
Middle Tennessee,offense,WR2,Landon Collins,WR,9.79,returning,
Middle Tennessee,offense,WR3,AJ Jones,WR,8.38,returning,
Middle Tennessee,offense,TE,Evan Poticher,TE,-0.25,returning,
Middle Tennessee,offense,OL1,,,,,
Middle Tennessee,offense,OL2,,,,,
Middle Tennessee,offense,OL3,,,,,
Middle Tennessee,offense,OL4,,,,,
Middle Tennessee,offense,OL5,,,,,
Middle Tennessee,defense,DL1,Zeion Simpson-Smith,DT,10.9,returning,
Middle Tennessee,defense,DL2,Aidan Butts,DE,0.9,returning,
Middle Tennessee,defense,DL3,Felix Hixon,NT,0.8,returning,
Middle Tennessee,defense,DL4,Justin Bodford,DT,0.5,transfer,Missouri
Middle Tennessee,defense,LB1,Reggie Johnson,LB,28.0,returning,
Middle Tennessee,defense,LB2,Korey Smith,LB,10.05,returning,
Middle Tennessee,defense,LB3,Mathias Malaki-Donaldson,LB,3.7,returning,
Middle Tennessee,defense,DB1,Jackson Lowe,CB,14.6,returning,
Middle Tennessee,defense,DB2,Kalen Woods,S,7.35,returning,
Middle Tennessee,defense,DB3,Ricky Lee III,CB,6.0,transfer,Sacramento State
Middle Tennessee,defense,DB4,Christofer Noble,S,4.7,returning,
Louisiana,offense,QB,Daniel Beale,QB,2.57,returning,
Louisiana,offense,RB,Steven Blanco,RB,7.5,returning,
Louisiana,offense,WR1,Shelton Sampson Jr.,WR,41.29,returning,
Louisiana,offense,WR2,Landon Strother,WR,6.29,returning,
Louisiana,offense,WR3,Landon Baptiste,WR,3.06,returning,
Louisiana,offense,TE,Brock Chappell,TE,3.92,returning,
Louisiana,offense,OL1,,,,,
Louisiana,offense,OL2,,,,,
Louisiana,offense,OL3,,,,,
Louisiana,offense,OL4,,,,,
Louisiana,offense,OL5,,,,,
Louisiana,defense,DL1,Fitzgerald West Jr.,DL,9.2,returning,
Louisiana,defense,DL2,Maxie Baudoin IV,DL,3.9,returning,
Louisiana,defense,DL3,Priest Ashe,DL,2.35,returning,
Louisiana,defense,DL4,Chase Edwards,DE,1.95,returning,
Louisiana,defense,LB1,Jake St. Andre,LB,9.5,returning,
Louisiana,defense,LB2,Ashley Williams,LB,7.25,returning,
Louisiana,defense,LB3,Lester Jones,LB,2.7,returning,
Louisiana,defense,DB1,Brent Gordon Jr.,CB,24.95,returning,
Louisiana,defense,DB2,Maurion Eleam,S,11.2,returning,
Louisiana,defense,DB3,Collin Jacob,S,10.2,returning,
Louisiana,defense,DB4,Kody Jackson,S,7.45,returning,
Bowling Green,offense,QB,Hunter Najm,QB,8.62,returning,
Bowling Green,offense,RB,Austyn Dendy,RB,8.37,returning,
Bowling Green,offense,WR1,Brennan Ridley,WR,4.59,returning,
Bowling Green,offense,WR2,Austin Clay,WR,1.14,returning,
Bowling Green,offense,WR3,Trey Johnson,WR,0.27,returning,
Bowling Green,offense,TE,Eli Jacon-Duffy,TE,0.08,returning,
Bowling Green,offense,OL1,,,,,
Bowling Green,offense,OL2,,,,,
Bowling Green,offense,OL3,,,,,
Bowling Green,offense,OL4,,,,,
Bowling Green,offense,OL5,,,,,
Bowling Green,defense,DL1,Myles Bradley,DE,18.75,returning,
Bowling Green,defense,DL2,Eriq George,DE,14.35,returning,
Bowling Green,defense,DL3,Dior Garner,DT,3.9,returning,
Bowling Green,defense,DL4,Kade Kostus,DL,1.55,transfer,Central Michigan
Bowling Green,defense,LB1,Dorian Pringle,LB,15.2,returning,
Bowling Green,defense,LB2,Andrew Hines III,LB,8.95,returning,
Bowling Green,defense,LB3,AJ Odom,LB,4.3,returning,
Bowling Green,defense,DB1,Kal-El Pascal,S,22.5,returning,
Bowling Green,defense,DB2,JoJo Johnson,CB,21.45,returning,
Bowling Green,defense,DB3,Armahn Hale,DB,10.9,transfer,New Mexico State
Bowling Green,defense,DB4,Preston EstoEsta,S,8.65,returning,
Western Kentucky,offense,QB,Rodney Tisdale Jr.,QB,51.47,returning,
Western Kentucky,offense,RB,Jaden McGill,RB,4.92,returning,
Western Kentucky,offense,WR1,K.D. Hutchinson,WR,48.13,returning,
Western Kentucky,offense,WR2,Cameron Flowers,WR,11.4,returning,
Western Kentucky,offense,WR3,Moussa Barry,WR,4.4,returning,
Western Kentucky,offense,TE,CC Ezirim,TE,1.53,transfer,Toledo
Western Kentucky,offense,OL1,,,,,
Western Kentucky,offense,OL2,,,,,
Western Kentucky,offense,OL3,,,,,
Western Kentucky,offense,OL4,,,,,
Western Kentucky,offense,OL5,,,,,
Western Kentucky,defense,DL1,Venson Sneed,DE,5.15,returning,
Western Kentucky,defense,DL2,Elin Jones,DE,5.05,returning,
Western Kentucky,defense,DL3,Jakeem Fletcher,DT,4.5,returning,
Western Kentucky,defense,DL4,Kiawan Murphy,DT,3.05,transfer,Akron
Western Kentucky,defense,LB1,Jordan Donald,LB,4.9,returning,
Western Kentucky,defense,LB2,Geajorm Akpaloo,LB,1.3,transfer,Coastal Carolina
Western Kentucky,defense,LB3,Zach Smith,LB,1.1,returning,
Western Kentucky,defense,DB1,Jaylen Lewis,DB,27.9,returning,
Western Kentucky,defense,DB2,Dave Herard,DB,15.3,returning,
Western Kentucky,defense,DB3,Lataj Wright,DB,1.35,returning,
Western Kentucky,defense,DB4,Braxton Myers,DB,0.5,returning,
App State,offense,QB,Malachi Singleton,QB,14.34,transfer,Purdue
App State,offense,RB,Jaquari Lewis,RB,11.77,returning,
App State,offense,WR1,Sam Mbake,WR,5.89,returning,
App State,offense,WR2,Semaj Fleming,WR,-0.11,transfer,Boston College
App State,offense,WR3,Jackson Grier,WR,-2.43,returning,
App State,offense,TE,Dillon Galloway,TE,0.47,returning,
App State,offense,OL1,,,,,
App State,offense,OL2,,,,,
App State,offense,OL3,,,,,
App State,offense,OL4,,,,,
App State,offense,OL5,,,,,
App State,defense,DL1,Aiden Benton,DL,19.8,returning,
App State,defense,DL2,Caleb Sandstrom,DL,15.7,returning,
App State,defense,DL3,Nick Campbell,DL,3.8,returning,
App State,defense,DL4,Caleb Pitts,DL,0.6,returning,
App State,defense,LB1,Colton Phares,LB,40.1,returning,
App State,defense,LB2,Keshawn Thomas,LB,15.95,transfer,Old Dominion
App State,defense,LB3,Alex Mitchell,LB,3.7,transfer,Middle Tennessee
App State,defense,DB1,Ja'Den Mcburrows,DB,8.85,returning,
App State,defense,DB2,Cary Grant,DB,8.25,transfer,Charlotte
App State,defense,DB3,Juan Berchal,DB,6.25,returning,
App State,defense,DB4,Joseph Reddish,DB,4.6,transfer,Virginia Tech
UTEP,offense,QB,,,,,
UTEP,offense,RB,Lamar Sperling,RB,8.78,transfer,Buffalo
UTEP,offense,WR1,Jaylan Brown,WR,2.47,returning,
UTEP,offense,WR2,Royal Capell,WR,1.58,transfer,Oklahoma State
UTEP,offense,WR3,Rafeald Campbell,WR,0.88,returning,
UTEP,offense,TE,Judah Ezinwa,TE,4.96,returning,
UTEP,offense,OL1,,,,,
UTEP,offense,OL2,,,,,
UTEP,offense,OL3,,,,,
UTEP,offense,OL4,,,,,
UTEP,offense,OL5,,,,,
UTEP,defense,DL1,Sterling Miles,DE,14.15,transfer,Eastern Michigan
UTEP,defense,DL2,Ekow Taylor,DE,10.2,returning,
UTEP,defense,DL3,Shakaun Bowser,DL,9.3,returning,
UTEP,defense,DL4,Ashton Coker,DT,8.3,returning,
UTEP,defense,LB1,Jayden Wilson,LB,27.7,returning,
UTEP,defense,LB2,Vashon Brunswick II,LB,4.05,returning,
UTEP,defense,LB3,Garrett Hawkins,LB,2.25,returning,
UTEP,defense,DB1,Justin Content,CB,25.05,returning,
UTEP,defense,DB2,Xavier Smith,S,16.75,returning,
UTEP,defense,DB3,Kode Lowe,S,9.9,returning,
UTEP,defense,DB4,TJ Tillman,CB,1.2,returning,
Nevada,offense,QB,Carter Jones,QB,26.79,returning,
Nevada,offense,RB,Carter Jackson,RB,3.7,returning,
Nevada,offense,WR1,Marshaun Brown,WR,11.57,returning,
Nevada,offense,WR2,Daijon Calimon,WR,1.54,returning,
Nevada,offense,WR3,,,,,
Nevada,offense,TE,Jayden O'Rourke,TE,2.48,returning,
Nevada,offense,OL1,,,,,
Nevada,offense,OL2,,,,,
Nevada,offense,OL3,,,,,
Nevada,offense,OL4,,,,,
Nevada,offense,OL5,,,,,
Nevada,defense,DL1,Dylan Labarbera,EDGE,41.55,returning,
Nevada,defense,DL2,Logologo Va'a,DL,7.7,returning,
Nevada,defense,DL3,Tanner Vaughan,DL,4.15,returning,
Nevada,defense,DL4,Myles Williams,EDGE,2.8,returning,
Nevada,defense,LB1,EJ Smith,LB,11.05,returning,
Nevada,defense,LB2,Poasa Utu,LB,5.05,transfer,Oklahoma State
Nevada,defense,LB3,Jake Silverman,LB,0.2,returning,
Nevada,defense,DB1,Joshua Scott,DB,10.9,transfer,Eastern Michigan
Nevada,defense,DB2,Bryson Snelling,DB,9.4,returning,
Nevada,defense,DB3,Bishop Turner,DB,9.1,returning,
Nevada,defense,DB4,Aiden Walker,DB,3.9,returning,
Temple,offense,QB,Jaxon Smolik,QB,-1.81,transfer,Penn State
Temple,offense,RB,Hunter Smith,RB,5.29,returning,
Temple,offense,WR1,Colin Chase,WR,27.99,returning,
Temple,offense,WR2,Reis Stocksdale,WR,-1.04,transfer,Bowling Green
Temple,offense,WR3,,,,,
Temple,offense,TE,Peter Clarke,TE,38.79,returning,
Temple,offense,OL1,,,,,
Temple,offense,OL2,,,,,
Temple,offense,OL3,,,,,
Temple,offense,OL4,,,,,
Temple,offense,OL5,,,,,
Temple,defense,DL1,Joseph Auzenne,DL,2.8,returning,
Temple,defense,DL2,Yamael Wiggins,DL,0.5,returning,
Temple,defense,DL3,Cameron Jones,DL,0.4,returning,
Temple,defense,DL4,Quante Gillians,DL,0.1,transfer,Syracuse
Temple,defense,LB1,Curly Ordonez,LB,24.15,returning,
Temple,defense,LB2,JaMair Diaz,LB,7.9,transfer,Sam Houston
Temple,defense,LB3,Eric Stuart,LB,7.15,returning,
Temple,defense,DB1,Adrian Laing,CB,14.2,returning,
Temple,defense,DB2,Avery Powell,S,11.15,returning,
Temple,defense,DB3,Pooh Lawton,S,8.8,returning,
Temple,defense,DB4,Saboor Karriem,S,3.6,transfer,Illinois
James Madison,offense,QB,JC Evans,QB,4.63,returning,
James Madison,offense,RB,George Pettaway,RB,3.2,returning,
James Madison,offense,WR1,Davi Belfort,WR,11.39,transfer,UCF
James Madison,offense,WR2,Braeden Wisloski,WR,10.73,returning,
James Madison,offense,WR3,Michael Scott,WR,6.27,returning,
James Madison,offense,TE,,,,,
James Madison,offense,OL1,,,,,
James Madison,offense,OL2,,,,,
James Madison,offense,OL3,,,,,
James Madison,offense,OL4,,,,,
James Madison,offense,OL5,,,,,
James Madison,defense,DL1,Amar Thomas,EDGE,19.25,returning,
James Madison,defense,DL2,Mychal Mcmullin,DL,8.15,returning,
James Madison,defense,DL3,Kells Bush,DL,0.7,returning,
James Madison,defense,DL4,Turner Schmidt,EDGE,0.1,returning,
James Madison,defense,LB1,Nakian Jackson,LB,14.1,transfer,Nevada
James Madison,defense,LB2,Gannon Weathersby,LB,13.0,returning,
James Madison,defense,LB3,Jayden Studio,LB,3.55,returning,
James Madison,defense,DB1,KJ Flowe,S,9.3,returning,
James Madison,defense,DB2,DJ Kelly,CB,7.75,transfer,Toledo
James Madison,defense,DB3,Javis Mynatt,S,6.0,transfer,Texas State
James Madison,defense,DB4,Ken Willis,CB,1.85,returning,
Rice,offense,QB,Jacurri Brown,QB,17.22,transfer,UCF
Rice,offense,RB,Quinton Jackson,RB,21.1,returning,
Rice,offense,WR1,Payton Matthews,WR,5.58,returning,
Rice,offense,WR2,Braylen Walker,WR,4.66,returning,
Rice,offense,WR3,Keenan Arcega-Whiteside,WR,2.21,returning,
Rice,offense,TE,James Falk,TE,1.24,returning,
Rice,offense,OL1,,,,,
Rice,offense,OL2,,,,,
Rice,offense,OL3,,,,,
Rice,offense,OL4,,,,,
Rice,offense,OL5,,,,,
Rice,defense,DL1,Chibby Nwajuaku,DL,10.0,returning,
Rice,defense,DL2,Aquantis Clemmons,DL,8.45,returning,
Rice,defense,DL3,Jo Chavez,DE,8.0,returning,
Rice,defense,DL4,Joseph Mutombo,DL,6.7,returning,
Rice,defense,LB1,Austin Harnetiaux,LB,8.45,transfer,Nevada
Rice,defense,LB2,Cooper King,LB,4.05,returning,
Rice,defense,LB3,Beau Barton,LB,0.6,returning,
Rice,defense,DB1,Koa Akui,S,15.2,transfer,Sacramento State
Rice,defense,DB2,Daveon Hook,S,6.35,returning,
Rice,defense,DB3,Jerrick Harper,CB,5.55,returning,
Rice,defense,DB4,Jamir Benjamin,CB,3.9,transfer,UCLA
Georgia State,offense,QB,Cameran Brown,QB,89.03,returning,
Georgia State,offense,RB,Keith Adams Jr.,RB,3.53,transfer,Clemson
Georgia State,offense,WR1,DJ Riles,WR,14.63,returning,
Georgia State,offense,WR2,Jaylin Marshall,WR,2.95,returning,
Georgia State,offense,WR3,Kyle Washington,WR,0.64,returning,
Georgia State,offense,TE,Grant Hollier,TE,27.19,returning,
Georgia State,offense,OL1,,,,,
Georgia State,offense,OL2,,,,,
Georgia State,offense,OL3,,,,,
Georgia State,offense,OL4,,,,,
Georgia State,offense,OL5,,,,,
Georgia State,defense,DL1,Jabriel Rhodes-Nelson,DE,14.6,returning,
Georgia State,defense,DL2,Richard Kramer,DE,6.3,returning,
Georgia State,defense,DL3,Alex Mullings,DT,3.3,returning,
Georgia State,defense,DL4,Kelze Howard,DE,0.1,transfer,Oregon State
Georgia State,defense,LB1,Kelan Butler,LB,5.15,returning,
Georgia State,defense,LB2,Coby Owens,LB,3.35,returning,
Georgia State,defense,LB3,Antonio Wesley,LB,0.1,returning,
Georgia State,defense,DB1,Deuce Walker,S,7.55,returning,
Georgia State,defense,DB2,Derrick Maxey III,S,6.7,returning,
Georgia State,defense,DB3,Tyson McCrary,CB,5.95,returning,
Georgia State,defense,DB4,Demonte Gaston,S,1.1,returning,
North Dakota State,offense,QB,Nathan Hayes,QB,22.95,returning,
North Dakota State,offense,RB,DJ Scott,RB,12.74,returning,
North Dakota State,offense,WR1,Jackson Williams,WR,28.19,returning,
North Dakota State,offense,WR2,Mekhi Collins,WR,11.82,returning,
North Dakota State,offense,WR3,Isiah St. Romain,WR,6.15,returning,
North Dakota State,offense,TE,Reis Kessel,TE,31.0,returning,
North Dakota State,offense,OL1,,,,,
North Dakota State,offense,OL2,,,,,
North Dakota State,offense,OL3,,,,,
North Dakota State,offense,OL4,,,,,
North Dakota State,offense,OL5,,,,,
North Dakota State,defense,DL1,Keenan Wilson,DT,3.0,returning,
North Dakota State,defense,DL2,,,,,
North Dakota State,defense,DL3,,,,,
North Dakota State,defense,DL4,,,,,
North Dakota State,defense,LB1,Donovan Woolen,LB,12.0,returning,
North Dakota State,defense,LB2,Oliver Lucht,LB,3.0,returning,
North Dakota State,defense,LB3,Peder Haugo,LB,3.0,returning,
North Dakota State,defense,DB1,Taylen Eady,S,9.0,returning,
North Dakota State,defense,DB2,Darius Givance,S,6.0,returning,
North Dakota State,defense,DB3,Jaylin Crumby,S,3.0,returning,
North Dakota State,defense,DB4,,,,,
Wyoming,offense,QB,Landon Sims,QB,11.84,returning,
Wyoming,offense,RB,Samuel Harris,RB,19.26,returning,
Wyoming,offense,WR1,Deion DeBlanc,WR,8.71,returning,
Wyoming,offense,WR2,Charlie Coenen,WR,6.41,returning,
Wyoming,offense,WR3,Jackson Holman,WR,-2.32,returning,
Wyoming,offense,TE,Kyle Frendt,TE,0.21,returning,
Wyoming,offense,OL1,,,,,
Wyoming,offense,OL2,,,,,
Wyoming,offense,OL3,,,,,
Wyoming,offense,OL4,,,,,
Wyoming,offense,OL5,,,,,
Wyoming,defense,DL1,Esaia Bogar,DE,5.7,returning,
Wyoming,defense,DL2,Tegen Seeds,DL,3.1,returning,
Wyoming,defense,DL3,Kevin Sjogren,DE,1.9,returning,
Wyoming,defense,DL4,Cade Brook,DE,0.4,returning,
Wyoming,defense,LB1,Ethan Stuhlsatz,LB,7.5,returning,
Wyoming,defense,LB2,Gary Rutherford,LB,2.7,returning,
Wyoming,defense,LB3,Dash Bauman,LB,0.2,returning,
Wyoming,defense,DB1,Jones Thomas,S,23.1,returning,
Wyoming,defense,DB2,Desman Hearns,S,19.55,returning,
Wyoming,defense,DB3,Travis Franklin Jr.,S,7.5,transfer,Jacksonville State
Wyoming,defense,DB4,Jett Vincent,S,4.65,transfer,Colorado State
Massachusetts,offense,QB,William Watson III,QB,2.42,transfer,Virginia Tech
Massachusetts,offense,RB,Justin Williams-Thomas,RB,11.21,transfer,Marshall
Massachusetts,offense,WR1,Elijah Pedro,WR,3.59,returning,
Massachusetts,offense,WR2,Ty Harding,WR,3.29,returning,
Massachusetts,offense,WR3,Joseph Griffin Jr.,WR,-0.75,transfer,Wisconsin
Massachusetts,offense,TE,Max Dowling,TE,11.04,returning,
Massachusetts,offense,OL1,,,,,
Massachusetts,offense,OL2,,,,,
Massachusetts,offense,OL3,,,,,
Massachusetts,offense,OL4,,,,,
Massachusetts,offense,OL5,,,,,
Massachusetts,defense,DL1,William DePaepe,DL,2.7,transfer,Indiana
Massachusetts,defense,DL2,Andrew DePaepe,DL,0.95,transfer,Indiana
Massachusetts,defense,DL3,,,,,
Massachusetts,defense,DL4,,,,,
Massachusetts,defense,LB1,Tyler Martin,LB,25.7,returning,
Massachusetts,defense,LB2,Timmy Hinspeter,LB,21.4,returning,
Massachusetts,defense,LB3,Khari Bendolph,LB,1.6,transfer,Jacksonville State
Massachusetts,defense,DB1,Zeraun Daniel,S,13.75,returning,
Massachusetts,defense,DB2,Jahmad Harmon,S,11.65,transfer,Ball State
Massachusetts,defense,DB3,Kendall Bournes,S,8.8,returning,
Massachusetts,defense,DB4,TJ Magee,CB,3.4,returning,
Buffalo,offense,QB,Jason Wright,QB,-0.96,returning,
Buffalo,offense,RB,James McNeil Jr.,RB,4.35,returning,
Buffalo,offense,WR1,Chance Morrow,WR,7.74,returning,
Buffalo,offense,WR2,Jasaiah Gathings,WR,-1.47,returning,
Buffalo,offense,WR3,Patrick Clacks III,WR,-5.82,returning,
Buffalo,offense,TE,,,,,
Buffalo,offense,OL1,,,,,
Buffalo,offense,OL2,,,,,
Buffalo,offense,OL3,,,,,
Buffalo,offense,OL4,,,,,
Buffalo,offense,OL5,,,,,
Buffalo,defense,DL1,Cornell Evans,DT,6.4,returning,
Buffalo,defense,DL2,Will Clark,EDGE,0.95,returning,
Buffalo,defense,DL3,Jacari Bennett,EDGE,0.2,returning,
Buffalo,defense,DL4,,,,,
Buffalo,defense,LB1,Saveon Brown,LB,22.95,returning,
Buffalo,defense,LB2,,,,,
Buffalo,defense,LB3,,,,,
Buffalo,defense,DB1,Miles Greer,S,18.65,returning,
Buffalo,defense,DB2,Kobi Blackwell,CB,13.75,returning,
Buffalo,defense,DB3,Keontez Bradley,CB,7.8,returning,
Buffalo,defense,DB4,Oliver Bridges,CB,6.2,returning,
Southern Miss,offense,QB,Ethan Hampton,QB,0.94,transfer,Illinois
Southern Miss,offense,RB,Robert Briggs,RB,7.05,returning,
Southern Miss,offense,WR1,Davis Dalton,WR,8.91,returning,
Southern Miss,offense,WR2,Mario Sanders II,WR,4.92,transfer,Illinois
Southern Miss,offense,WR3,Cace Reed,WR,-1.05,returning,
Southern Miss,offense,TE,,,,,
Southern Miss,offense,OL1,,,,,
Southern Miss,offense,OL2,,,,,
Southern Miss,offense,OL3,,,,,
Southern Miss,offense,OL4,,,,,
Southern Miss,offense,OL5,,,,,
Southern Miss,defense,DL1,Jameer Lewis,DL,13.95,returning,
Southern Miss,defense,DL2,Xavier McIver,DL,3.85,transfer,East Carolina
Southern Miss,defense,DL3,Jeffery Rush,DL,0.5,transfer,Ole Miss
Southern Miss,defense,DL4,,,,,
Southern Miss,defense,LB1,Melvin Spriggs,LB,17.25,transfer,Akron
Southern Miss,defense,LB2,Mathis Haygood,LB,16.15,returning,
Southern Miss,defense,LB3,Avery Sledge,LB,2.25,returning,
Southern Miss,defense,DB1,MaLik Caswell,S,4.25,returning,
Southern Miss,defense,DB2,Jyaire Brown,DB,3.45,transfer,UCF
Southern Miss,defense,DB3,Ishmael Ibraheem,CB,2.6,returning,
Southern Miss,defense,DB4,Kolby Peavy,DB,1.05,transfer,Alabama
Toledo,offense,QB,John Alan Richter,QB,15.38,returning,
Toledo,offense,RB,Dane Nauman,RB,-0.06,returning,
Toledo,offense,WR1,Terrell Crosby Jr.,WR,10.56,returning,
Toledo,offense,WR2,Tashi Braceful,WR,2.64,returning,
Toledo,offense,WR3,Daryl Barnett Jr.,WR,1.68,returning,
Toledo,offense,TE,Sam Lee,TE,0.82,returning,
Toledo,offense,OL1,,,,,
Toledo,offense,OL2,,,,,
Toledo,offense,OL3,,,,,
Toledo,offense,OL4,,,,,
Toledo,offense,OL5,,,,,
Toledo,defense,DL1,Ezra Odinjor,DE,10.55,transfer,UAB
Toledo,defense,DL2,Zach Johnson,DE,5.2,transfer,UAB
Toledo,defense,DL3,Wayne Peart II,DL,0.2,returning,
Toledo,defense,DL4,,,,,
Toledo,defense,LB1,Langston Long,LB,10.05,returning,
Toledo,defense,LB2,Sam Smith Jr.,LB,0.3,returning,
Toledo,defense,LB3,Isaac Zay,LB,0.3,returning,
Toledo,defense,DB1,Armorion Smith,S,10.1,transfer,Michigan State
Toledo,defense,DB2,Dylan Hohler,S,6.95,returning,
Toledo,defense,DB3,Nicholas Thompson,S,5.65,returning,
Toledo,defense,DB4,Hyajah Miller,CB,0.1,returning,
Northern Illinois,offense,QB,Jalen Macon,QB,17.68,returning,
Northern Illinois,offense,RB,Elijah Porter,RB,7.33,returning,
Northern Illinois,offense,WR1,DeAree Rogers,WR,40.45,returning,
Northern Illinois,offense,WR2,Rickey Taylor Jr.,WR,6.65,returning,
Northern Illinois,offense,WR3,George Dimopoulos,WR,1.65,returning,
Northern Illinois,offense,TE,Jason Fowler,TE,2.08,returning,
Northern Illinois,offense,OL1,,,,,
Northern Illinois,offense,OL2,,,,,
Northern Illinois,offense,OL3,,,,,
Northern Illinois,offense,OL4,,,,,
Northern Illinois,offense,OL5,,,,,
Northern Illinois,defense,DL1,Jay'Shon Thomas,DE,10.9,returning,
Northern Illinois,defense,DL2,Amari Washington,DT,0.4,returning,
Northern Illinois,defense,DL3,Fawzy Omotoso,DE,0.1,returning,
Northern Illinois,defense,DL4,Montrel Canion,DT,0.1,returning,
Northern Illinois,defense,LB1,Broderick Windham,LB,1.1,returning,
Northern Illinois,defense,LB2,Trey Porter,LB,0.4,returning,
Northern Illinois,defense,LB3,,,,,
Northern Illinois,defense,DB1,Dev'ion Reynolds,CB,8.05,returning,
Northern Illinois,defense,DB2,James Little IV,CB,0.2,returning,
Northern Illinois,defense,DB3,Malik Armstrong,S,0.1,returning,
Northern Illinois,defense,DB4,Romelo Walker,CB,0.1,returning,
Ball State,offense,QB,Keldric Luster,QB,1.94,transfer,Texas State
Ball State,offense,RB,Elijah Jackson,RB,2.47,returning,
Ball State,offense,WR1,Donovan Hamilton,WR,11.32,returning,
Ball State,offense,WR2,Jamarion McDougle,WR,3.68,returning,
Ball State,offense,WR3,Isaiah Thacker,WR,2.83,returning,
Ball State,offense,TE,Tate Hoover,TE,0.17,returning,
Ball State,offense,OL1,,,,,
Ball State,offense,OL2,,,,,
Ball State,offense,OL3,,,,,
Ball State,offense,OL4,,,,,
Ball State,offense,OL5,,,,,
Ball State,defense,DL1,Ameir Glenn,DT,6.05,returning,
Ball State,defense,DL2,Maverick Gracio,DE,5.9,transfer,Pittsburgh
Ball State,defense,DL3,Ben Marsh,DE,3.45,returning,
Ball State,defense,DL4,George Okorie,DE,0.1,returning,
Ball State,defense,LB1,Jared Badie,LB,5.55,transfer,San Diego State
Ball State,defense,LB2,Justin Thomas,LB,2.7,returning,
Ball State,defense,LB3,Layton Starks,LB,2.5,returning,
Ball State,defense,DB1,Willizhuan Yates,DB,13.7,returning,
Ball State,defense,DB2,Deondre Shepherd,DB,2.05,returning,
Ball State,defense,DB3,Tobi Adewoyin,DB,1.4,returning,
Ball State,defense,DB4,Chris Jackson,DB,0.7,transfer,Colorado State
San José State,offense,QB,Luke Weaver,QB,15.91,transfer,Hawai'i
San José State,offense,RB,Jabari Bates,RB,9.52,returning,
San José State,offense,WR1,Tama Amisone,WR,4.62,returning,
San José State,offense,WR2,Jerry McClure,WR,2.32,transfer,San Diego State
San José State,offense,WR3,Dominique McKenzie,WR,2.24,transfer,BYU
San José State,offense,TE,,,,,
San José State,offense,OL1,,,,,
San José State,offense,OL2,,,,,
San José State,offense,OL3,,,,,
San José State,offense,OL4,,,,,
San José State,offense,OL5,,,,,
San José State,defense,DL1,Justin Stearns,DL,7.25,returning,
San José State,defense,DL2,Etu Finau,DL,5.5,returning,
San José State,defense,DL3,Solomone Langi,DL,5.15,returning,
San José State,defense,DL4,Noa Siaosi,DL,2.85,returning,
San José State,defense,LB1,Ethan Powell,LB,8.45,returning,
San José State,defense,LB2,John Norwood,LB,1.9,returning,
San José State,defense,LB3,Dylan Lee,LB,0.7,returning,
San José State,defense,DB1,Isaiah Buxton,CB,3.6,transfer,San Diego State
San José State,defense,DB2,Runye Norton,CB,1.25,returning,
San José State,defense,DB3,Caleb Womack,CB,0.7,returning,
San José State,defense,DB4,Charles Cox III,S,0.4,returning,
Sacramento State,offense,QB,Carson Conklin,QB,-9.99,transfer,Fresno State
Sacramento State,offense,RB,Jamar Curtis,RB,0.82,returning,
Sacramento State,offense,WR1,Matthew Coleman,WR,8.96,transfer,San José State
Sacramento State,offense,WR2,Ajon Bryant,WR,1.68,returning,
Sacramento State,offense,WR3,Onterrio Smith Jr.,WR,0.67,returning,
Sacramento State,offense,TE,Jordan Williams,TE,14.12,returning,
Sacramento State,offense,OL1,,,,,
Sacramento State,offense,OL2,,,,,
Sacramento State,offense,OL3,,,,,
Sacramento State,offense,OL4,,,,,
Sacramento State,offense,OL5,,,,,
Sacramento State,defense,DL1,Xavier Williams,DL,0.3,returning,
Sacramento State,defense,DL2,Isiah Chala Jr.,DL,0.2,transfer,Fresno State
Sacramento State,defense,DL3,,,,,
Sacramento State,defense,DL4,,,,,
Sacramento State,defense,LB1,Derek Houston,LB,2.4,returning,
Sacramento State,defense,LB2,Fata Puloka,LB,1.6,returning,
Sacramento State,defense,LB3,Diego Davis,LB,0.6,returning,
Sacramento State,defense,DB1,Boogsie Silvera,S,0.5,transfer,South Florida
Sacramento State,defense,DB2,Elias Mullican,CB,0.2,returning,
Sacramento State,defense,DB3,Adam Taylor,CB,0.1,returning,
Sacramento State,defense,DB4,,,,,
